event_id,case_class,issuance_time,year,event_year,forecast_hour,latitude,longitude,anchor_source,pressure_level_hpa,translation_speed_kt,maximum_jet_speed_kt,jet_to_risk_distance_km,jet_to_risk_bearing_deg,maximum_stp,peak_stp_bin,month,experimental_score,public_anchor_probability,label,label_source,sample_weight,model_version,provider_version,stp_proxy_version,scorecard_version,public_anchor_probability_version,sampling_status,sampling_interval_hours,time_coverage_hours,frame_count,requested_forecast_hours,successful_forecast_hours,risk_region_source
severe-2023-08-01,severe,2023-07-31T06:00:00+00:00,2023,2023,18,38.13141509374061,-95.61946540234965,model_forecast_maximum_stp,300,28.018128362008028,55.908182909160026,291.73823909575094,22.667637839581857,6.319474555044069,6.5,7,2.51,0.0783,0,"NOAA NCEI Storm Events bulk CSV export d2015-d2025, files and SHA-256 in archive/ncei/ncei-source-manifest.json",1.0840363702422147,sharpmod_hrrr_toi_experimental_v4,noaa-hrrr-bdp-pds,sharpmod_fixed_layer_stp_proxy_v1,sharpmod_toi_public_bins_experimental_v1,sharpmod_toi_public_anchor_probability_v1,complete,3,18,7,"0,3,6,9,12,15,18","0,3,6,9,12,15,18",nearest connected 0.5+ fixed-layer STP proxy region to sounding
null-2025-07-25,null,2025-07-24T06:00:00+00:00,2025,2025,18,42.532470670944065,-86.70854144414415,model_forecast_maximum_stp,300,20.46236286625568,58.729428576381004,77.47967850811315,236.35608847997128,1.9486557947517504,2.0,7,1.86,0.01,0,"NOAA NCEI Storm Events bulk CSV export d2015-d2025, files and SHA-256 in archive/ncei/ncei-source-manifest.json",1.0840363702422147,sharpmod_hrrr_toi_experimental_v4,noaa-hrrr-bdp-pds,sharpmod_fixed_layer_stp_proxy_v1,sharpmod_toi_public_bins_experimental_v1,sharpmod_toi_public_anchor_probability_v1,complete,3,18,7,"0,3,6,9,12,15,18","0,3,6,9,12,15,18",nearest connected 0.5+ fixed-layer STP proxy region to sounding
outbreak-2018-09-20,outbreak,2018-09-19T06:00:00+00:00,2018,2018,6,42.019466724555755,-95.94768174802044,model_forecast_maximum_stp,500,28.378557127207518,53.39976801689967,223.67454340799495,24.177048354767635,4.363499617625338,4.5,9,2.64,0.0526,1,"NOAA NCEI Storm Events bulk CSV export d2015-d2025, files and SHA-256 in archive/ncei/ncei-source-manifest.json",0.51426978,sharpmod_hrrr_toi_experimental_v4,noaa-hrrr-bdp-pds,sharpmod_fixed_layer_stp_proxy_v1,sharpmod_toi_public_bins_experimental_v1,sharpmod_toi_public_anchor_probability_v1,complete,3,18,7,"0,3,6,9,12,15,18","0,3,6,9,12,15,18",nearest connected 0.5+ fixed-layer STP proxy region to sounding
null-2023-04-24,null,2023-04-23T06:00:00+00:00,2023,2023,6,27.206661409367147,-98.3686525752156,model_forecast_maximum_stp,500,5.899506955763352,57.44868450015496,450.2058514419034,13.255947328821492,3.500306666666667,4.5,4,0.88,0.01,0,"NOAA NCEI Storm Events bulk CSV export d2015-d2025, files and SHA-256 in archive/ncei/ncei-source-manifest.json",1.0840363702422147,sharpmod_hrrr_toi_experimental_v4,noaa-hrrr-bdp-pds,sharpmod_fixed_layer_stp_proxy_v1,sharpmod_toi_public_bins_experimental_v1,sharpmod_toi_public_anchor_probability_v1,complete,3,18,7,"0,3,6,9,12,15,18","0,3,6,9,12,15,18",nearest connected 0.5+ fixed-layer STP proxy region to sounding
severe-2019-06-07,severe,2019-06-06T06:00:00+00:00,2019,2019,18,31.187619324502396,-87.12713813496737,model_forecast_maximum_stp,300,17.180733435620876,64.88511713472802,78.89976597582967,19.841810886870803,3.7094466666666666,4.5,6,1.84,0.0111,0,"NOAA NCEI Storm Events bulk CSV export d2015-d2025, files and SHA-256 in archive/ncei/ncei-source-manifest.json",1.0840363702422147,sharpmod_hrrr_toi_experimental_v4,noaa-hrrr-bdp-pds,sharpmod_fixed_layer_stp_proxy_v1,sharpmod_toi_public_bins_experimental_v1,sharpmod_toi_public_anchor_probability_v1,complete,3,18,7,"0,3,6,9,12,15,18","0,3,6,9,12,15,18",nearest connected 0.5+ fixed-layer STP proxy region to sounding
severe-2019-02-23,severe,2019-02-22T06:00:00+00:00,2019,2019,18,31.185881070011582,-91.2744955110482,model_forecast_maximum_stp,500,49.29906190065433,53.89232695594456,257.45640131632734,46.81209335237139,2.5239599999999998,3.0,2,3.28,0.1066,0,"NOAA NCEI Storm Events bulk CSV export d2015-d2025, files and SHA-256 in archive/ncei/ncei-source-manifest.json",1.0840363702422147,sharpmod_hrrr_toi_experimental_v4,noaa-hrrr-bdp-pds,sharpmod_fixed_layer_stp_proxy_v1,sharpmod_toi_public_bins_experimental_v1,sharpmod_toi_public_anchor_probability_v1,complete,3,18,7,"0,3,6,9,12,15,18","0,3,6,9,12,15,18",nearest connected 0.5+ fixed-layer STP proxy region to sounding
severe-2021-08-17,severe,2021-08-16T06:00:00+00:00,2021,2021,18,29.994599890282633,-85.04674839636533,model_forecast_maximum_stp,300,11.48012703266895,62.45361587628172,1161.9899290255375,1.971830620287676,3.5421961753925832,4.5,8,1.35,0.01,0,"NOAA NCEI Storm Events bulk CSV export d2015-d2025, files and SHA-256 in archive/ncei/ncei-source-manifest.json",1.0840363702422147,sharpmod_hrrr_toi_experimental_v4,noaa-hrrr-bdp-pds,sharpmod_fixed_layer_stp_proxy_v1,sharpmod_toi_public_bins_experimental_v1,sharpmod_toi_public_anchor_probability_v1,complete,3,18,7,"0,3,6,9,12,15,18","0,3,6,9,12,15,18",nearest connected 0.5+ fixed-layer STP proxy region to sounding
null-2025-08-14,null,2025-08-13T06:00:00+00:00,2025,2025,18,45.22930215755025,-99.9791344425775,model_forecast_maximum_stp,300,35.41933145069595,56.16752273800681,30.98070244866893,198.4796893754027,2.6223932258346787,3.0,8,3.36,0.1228,0,"NOAA NCEI Storm Events bulk CSV export d2015-d2025, files and SHA-256 in archive/ncei/ncei-source-manifest.json",1.0840363702422147,sharpmod_hrrr_toi_experimental_v4,noaa-hrrr-bdp-pds,sharpmod_fixed_layer_stp_proxy_v1,sharpmod_toi_public_bins_experimental_v1,sharpmod_toi_public_anchor_probability_v1,complete,3,18,7,"0,3,6,9,12,15,18","0,3,6,9,12,15,18",nearest connected 0.5+ fixed-layer STP proxy region to sounding
severe-2019-05-08,severe,2019-05-07T06:00:00+00:00,2019,2019,6,32.59333547546531,-101.10617098268034,model_forecast_maximum_stp,500,34.32912227788261,53.88771549817462,663.2217986771959,332.8038852837878,5.428800000000001,4.5,5,3.13,0.1288,0,"NOAA NCEI Storm Events bulk CSV export d2015-d2025, files and SHA-256 in archive/ncei/ncei-source-manifest.json",1.0840363702422147,sharpmod_hrrr_toi_experimental_v4,noaa-hrrr-bdp-pds,sharpmod_fixed_layer_stp_proxy_v1,sharpmod_toi_public_bins_experimental_v1,sharpmod_toi_public_anchor_probability_v1,complete,3,18,7,"0,3,6,9,12,15,18","0,3,6,9,12,15,18",nearest connected 0.5+ fixed-layer STP proxy region to sounding
null-2023-05-20,null,2023-05-19T06:00:00+00:00,2023,2023,6,34.84810102031178,-93.73167995216659,model_forecast_maximum_stp,500,16.036862437794483,54.812808646600935,1123.8849624225402,6.774811079954077,1.7462892217441548,2.0,5,1.59,0.01,0,"NOAA NCEI Storm Events bulk CSV export d2015-d2025, files and SHA-256 in archive/ncei/ncei-source-manifest.json",1.0840363702422147,sharpmod_hrrr_toi_experimental_v4,noaa-hrrr-bdp-pds,sharpmod_fixed_layer_stp_proxy_v1,sharpmod_toi_public_bins_experimental_v1,sharpmod_toi_public_anchor_probability_v1,complete,3,18,7,"0,3,6,9,12,15,18","0,3,6,9,12,15,18",nearest connected 0.5+ fixed-layer STP proxy region to sounding
null-2025-03-24,null,2025-03-23T06:00:00+00:00,2025,2025,12,33.70780367616644,-90.29086183082484,model_forecast_maximum_stp,500,21.716229387422107,51.98760802413936,506.47940395706627,57.903432316489386,2.7675976855445796,3.0,3,2.07,0.0105,0,"NOAA NCEI Storm Events bulk CSV export d2015-d2025, files and SHA-256 in archive/ncei/ncei-source-manifest.json",1.0840363702422147,sharpmod_hrrr_toi_experimental_v4,noaa-hrrr-bdp-pds,sharpmod_fixed_layer_stp_proxy_v1,sharpmod_toi_public_bins_experimental_v1,sharpmod_toi_public_anchor_probability_v1,complete,3,18,7,"0,3,6,9,12,15,18","0,3,6,9,12,15,18",nearest connected 0.5+ fixed-layer STP proxy region to sounding
null-2024-08-10,null,2024-08-09T06:00:00+00:00,2024,2024,18,41.90991342723811,-74.87955857877375,model_forecast_maximum_stp,300,8.224213960147637,65.13290663292439,88.59144301787973,308.8653593867409,2.614411716524608,3.0,8,1.22,0.01,0,"NOAA NCEI Storm Events bulk CSV export d2015-d2025, files and SHA-256 in archive/ncei/ncei-source-manifest.json",1.0840363702422147,sharpmod_hrrr_toi_experimental_v4,noaa-hrrr-bdp-pds,sharpmod_fixed_layer_stp_proxy_v1,sharpmod_toi_public_bins_experimental_v1,sharpmod_toi_public_anchor_probability_v1,complete,3,18,7,"0,3,6,9,12,15,18","0,3,6,9,12,15,18",nearest connected 0.5+ fixed-layer STP proxy region to sounding
outbreak-2018-05-02,outbreak,2018-05-01T06:00:00+00:00,2018,2018,18,35.23444720604582,-97.67060241370922,model_forecast_maximum_stp,500,17.0512660099276,52.646583251464065,400.0516694595149,260.4901360928282,5.8312,6.5,5,1.67,0.0156,1,"NOAA NCEI Storm Events bulk CSV export d2015-d2025, files and SHA-256 in archive/ncei/ncei-source-manifest.json",0.51426978,sharpmod_hrrr_toi_experimental_v4,noaa-hrrr-bdp-pds,sharpmod_fixed_layer_stp_proxy_v1,sharpmod_toi_public_bins_experimental_v1,sharpmod_toi_public_anchor_probability_v1,complete,3,18,7,"0,3,6,9,12,15,18","0,3,6,9,12,15,18",nearest connected 0.5+ fixed-layer STP proxy region to sounding
severe-2018-02-25,severe,2018-02-24T06:00:00+00:00,2018,2018,18,32.85132291934546,-92.29291129448183,model_forecast_maximum_stp,500,8.459465738711161,100.00973103956115,572.0128776610893,348.7358380544957,3.9871999999999996,4.5,2,1.36,0.01,0,"NOAA NCEI Storm Events bulk CSV export d2015-d2025, files and SHA-256 in archive/ncei/ncei-source-manifest.json",1.0840363702422147,sharpmod_hrrr_toi_experimental_v4,noaa-hrrr-bdp-pds,sharpmod_fixed_layer_stp_proxy_v1,sharpmod_toi_public_bins_experimental_v1,sharpmod_toi_public_anchor_probability_v1,complete,3,18,7,"0,3,6,9,12,15,18","0,3,6,9,12,15,18",nearest connected 0.5+ fixed-layer STP proxy region to sounding
severe-2023-08-11,severe,2023-08-10T06:00:00+00:00,2023,2023,6,33.43379284573304,-91.09165594254137,model_forecast_maximum_stp,300,29.79336412962469,89.25080939915797,535.7929749982096,26.87567201323742,5.780469131920395,6.5,8,3.28,0.2839,0,"NOAA NCEI Storm Events bulk CSV export d2015-d2025, files and SHA-256 in archive/ncei/ncei-source-manifest.json",1.0840363702422147,sharpmod_hrrr_toi_experimental_v4,noaa-hrrr-bdp-pds,sharpmod_fixed_layer_stp_proxy_v1,sharpmod_toi_public_bins_experimental_v1,sharpmod_toi_public_anchor_probability_v1,complete,3,18,7,"0,3,6,9,12,15,18","0,3,6,9,12,15,18",nearest connected 0.5+ fixed-layer STP proxy region to sounding
null-2019-05-14,null,2019-05-13T06:00:00+00:00,2019,2019,12,29.443736420067882,-81.04205622495647,model_forecast_maximum_stp,500,26.759400349625633,54.61621281195763,162.28317224755725,50.53234785245155,4.1532333333333336,4.5,5,2.5,0.0402,0,"NOAA NCEI Storm Events bulk CSV export d2015-d2025, files and SHA-256 in archive/ncei/ncei-source-manifest.json",1.0840363702422147,sharpmod_hrrr_toi_experimental_v4,noaa-hrrr-bdp-pds,sharpmod_fixed_layer_stp_proxy_v1,sharpmod_toi_public_bins_experimental_v1,sharpmod_toi_public_anchor_probability_v1,complete,3,18,7,"0,3,6,9,12,15,18","0,3,6,9,12,15,18",nearest connected 0.5+ fixed-layer STP proxy region to sounding
severe-2017-03-31,severe,2017-03-30T06:00:00+00:00,2017,2017,18,33.36042770986639,-89.93616628864345,model_forecast_maximum_stp,500,4.350409632196398,78.74084569064092,123.56126057542983,256.61742952226,3.3982666666666663,3.0,3,1.01,0.01,0,"NOAA NCEI Storm Events bulk CSV export d2015-d2025, files and SHA-256 in archive/ncei/ncei-source-manifest.json",1.0840363702422147,sharpmod_hrrr_toi_experimental_v4,noaa-hrrr-bdp-pds,sharpmod_fixed_layer_stp_proxy_v1,sharpmod_toi_public_bins_experimental_v1,sharpmod_toi_public_anchor_probability_v1,complete,3,18,7,"0,3,6,9,12,15,18","0,3,6,9,12,15,18",nearest connected 0.5+ fixed-layer STP proxy region to sounding
null-2016-03-29,null,2016-03-28T06:00:00+00:00,2016,2016,12,28.385977963262267,-80.52254507290405,model_forecast_maximum_stp,500,23.992256828549895,55.29503092776306,75.86645971783294,221.25062470177735,3.243485803974972,3.0,3,2.41,0.0205,0,"NOAA NCEI Storm Events bulk CSV export d2015-d2025, files and SHA-256 in archive/ncei/ncei-source-manifest.json",1.0840363702422147,sharpmod_hrrr_toi_experimental_v4,noaa-hrrr-bdp-pds,sharpmod_fixed_layer_stp_proxy_v1,sharpmod_toi_public_bins_experimental_v1,sharpmod_toi_public_anchor_probability_v1,degraded,3,15,6,"0,3,6,9,12,15,18","0,3,6,9,12,15",nearest connected 0.5+ fixed-layer STP proxy region to sounding
severe-2017-11-19,severe,2017-11-18T06:00:00+00:00,2017,2017,6,37.27797429123337,-90.34627234926404,model_forecast_maximum_stp,500,24.49367130552141,96.65170509783853,30.630919839919752,172.50608304105083,3.993,4.5,11,2.72,0.0611,0,"NOAA NCEI Storm Events bulk CSV export d2015-d2025, files and SHA-256 in archive/ncei/ncei-source-manifest.json",1.0840363702422147,sharpmod_hrrr_toi_experimental_v4,noaa-hrrr-bdp-pds,sharpmod_fixed_layer_stp_proxy_v1,sharpmod_toi_public_bins_experimental_v1,sharpmod_toi_public_anchor_probability_v1,complete,3,18,7,"0,3,6,9,12,15,18","0,3,6,9,12,15,18",nearest connected 0.5+ fixed-layer STP proxy region to sounding
null-2019-04-10,null,2019-04-09T06:00:00+00:00,2019,2019,12,32.24748033606775,-82.37311080819865,model_forecast_maximum_stp,500,18.696607670703663,64.47583231033731,78.87965375317542,205.56913799199424,1.7910666666666666,2.0,4,1.96,0.01,0,"NOAA NCEI Storm Events bulk CSV export d2015-d2025, files and SHA-256 in archive/ncei/ncei-source-manifest.json",1.0840363702422147,sharpmod_hrrr_toi_experimental_v4,noaa-hrrr-bdp-pds,sharpmod_fixed_layer_stp_proxy_v1,sharpmod_toi_public_bins_experimental_v1,sharpmod_toi_public_anchor_probability_v1,complete,3,18,7,"0,3,6,9,12,15,18","0,3,6,9,12,15,18",nearest connected 0.5+ fixed-layer STP proxy region to sounding
severe-2020-03-19,severe,2020-03-18T06:00:00+00:00,2020,2020,18,34.58664602829351,-96.88445680384547,model_forecast_maximum_stp,500,38.783078926088145,54.35430250413053,61.41543451879357,28.772225399968647,4.4184,4.5,3,3.49,0.233,0,"NOAA NCEI Storm Events bulk CSV export d2015-d2025, files and SHA-256 in archive/ncei/ncei-source-manifest.json",1.0840363702422147,sharpmod_hrrr_toi_experimental_v4,noaa-hrrr-bdp-pds,sharpmod_fixed_layer_stp_proxy_v1,sharpmod_toi_public_bins_experimental_v1,sharpmod_toi_public_anchor_probability_v1,complete,3,18,7,"0,3,6,9,12,15,18","0,3,6,9,12,15,18",nearest connected 0.5+ fixed-layer STP proxy region to sounding
severe-2019-09-20,severe,2019-09-19T06:00:00+00:00,2019,2019,12,42.35210943884335,-97.68842540027282,model_forecast_maximum_stp,500,19.01373813865555,52.287749752253006,883.6638518985615,285.4546775146867,2.177355053176636,2.0,9,1.84,0.01,0,"NOAA NCEI Storm Events bulk CSV export d2015-d2025, files and SHA-256 in archive/ncei/ncei-source-manifest.json",1.0840363702422147,sharpmod_hrrr_toi_experimental_v4,noaa-hrrr-bdp-pds,sharpmod_fixed_layer_stp_proxy_v1,sharpmod_toi_public_bins_experimental_v1,sharpmod_toi_public_anchor_probability_v1,complete,3,18,7,"0,3,6,9,12,15,18","0,3,6,9,12,15,18",nearest connected 0.5+ fixed-layer STP proxy region to sounding
severe-2020-02-13,severe,2020-02-12T06:00:00+00:00,2020,2020,12,31.729039235782153,-89.71455617312319,model_forecast_maximum_stp,500,2.0538806085220465,108.83929814910373,306.30199040590134,335.6168861016106,2.3816349375923314,2.0,2,0.81,0.01,0,"NOAA NCEI Storm Events bulk CSV export d2015-d2025, files and SHA-256 in archive/ncei/ncei-source-manifest.json",1.0840363702422147,sharpmod_hrrr_toi_experimental_v4,noaa-hrrr-bdp-pds,sharpmod_fixed_layer_stp_proxy_v1,sharpmod_toi_public_bins_experimental_v1,sharpmod_toi_public_anchor_probability_v1,complete,3,18,7,"0,3,6,9,12,15,18","0,3,6,9,12,15,18",nearest connected 0.5+ fixed-layer STP proxy region to sounding
outbreak-2020-07-08,outbreak,2020-07-07T06:00:00+00:00,2020,2020,6,45.19616517700521,-101.34722954662271,model_forecast_maximum_stp,300,13.036593354005804,90.39169425675009,60.79663788292354,81.05017869974915,8.583933333333333,8.5,7,1.61,0.0271,1,"NOAA NCEI Storm Events bulk CSV export d2015-d2025, files and SHA-256 in archive/ncei/ncei-source-manifest.json",0.51426978,sharpmod_hrrr_toi_experimental_v4,noaa-hrrr-bdp-pds,sharpmod_fixed_layer_stp_proxy_v1,sharpmod_toi_public_bins_experimental_v1,sharpmod_toi_public_anchor_probability_v1,complete,3,18,7,"0,3,6,9,12,15,18","0,3,6,9,12,15,18",nearest connected 0.5+ fixed-layer STP proxy region to sounding
null-2024-08-25,null,2024-08-24T06:00:00+00:00,2024,2024,6,45.861948209173825,-100.46471185891306,model_forecast_maximum_stp,300,15.032437213982279,58.57100251344421,364.52402861777165,263.00892284585245,4.5182803583702045,4.5,8,1.65,0.01,0,"NOAA NCEI Storm Events bulk CSV export d2015-d2025, files and SHA-256 in archive/ncei/ncei-source-manifest.json",1.0840363702422147,sharpmod_hrrr_toi_experimental_v4,noaa-hrrr-bdp-pds,sharpmod_fixed_layer_stp_proxy_v1,sharpmod_toi_public_bins_experimental_v1,sharpmod_toi_public_anchor_probability_v1,complete,3,18,7,"0,3,6,9,12,15,18","0,3,6,9,12,15,18",nearest connected 0.5+ fixed-layer STP proxy region to sounding
null-2022-06-22,null,2022-06-21T06:00:00+00:00,2022,2022,6,45.7247267217995,-90.79338818594096,model_forecast_maximum_stp,300,14.820954450879668,115.77621423984696,402.30288680374855,285.8460502397087,2.995762161774243,3.0,6,1.9,0.01,0,"NOAA NCEI Storm Events bulk CSV export d2015-d2025, files and SHA-256 in archive/ncei/ncei-source-manifest.json",1.0840363702422147,sharpmod_hrrr_toi_experimental_v4,noaa-hrrr-bdp-pds,sharpmod_fixed_layer_stp_proxy_v1,sharpmod_toi_public_bins_experimental_v1,sharpmod_toi_public_anchor_probability_v1,complete,3,18,7,"0,3,6,9,12,15,18","0,3,6,9,12,15,18",nearest connected 0.5+ fixed-layer STP proxy region to sounding
severe-2021-03-16,severe,2021-03-15T06:00:00+00:00,2021,2021,12,32.66286139667132,-89.23632886889374,model_forecast_maximum_stp,500,3.644959734086881,102.06723077724159,280.9929906454159,340.3821000214885,1.9596290998043107,2.0,3,0.95,0.01,0,"NOAA NCEI Storm Events bulk CSV export d2015-d2025, files and SHA-256 in archive/ncei/ncei-source-manifest.json",1.0840363702422147,sharpmod_hrrr_toi_experimental_v4,noaa-hrrr-bdp-pds,sharpmod_fixed_layer_stp_proxy_v1,sharpmod_toi_public_bins_experimental_v1,sharpmod_toi_public_anchor_probability_v1,complete,3,18,7,"0,3,6,9,12,15,18","0,3,6,9,12,15,18",nearest connected 0.5+ fixed-layer STP proxy region to sounding
outbreak-2017-05-16,outbreak,2017-05-15T06:00:00+00:00,2017,2017,12,42.631072839855676,-94.17755884929215,model_forecast_maximum_stp,500,28.210673172012136,66.6309047640005,143.93166748121766,324.00887877544153,3.4935221979900053,3.0,5,2.92,0.0549,1,"NOAA NCEI Storm Events bulk CSV export d2015-d2025, files and SHA-256 in archive/ncei/ncei-source-manifest.json",0.51426978,sharpmod_hrrr_toi_experimental_v4,noaa-hrrr-bdp-pds,sharpmod_fixed_layer_stp_proxy_v1,sharpmod_toi_public_bins_experimental_v1,sharpmod_toi_public_anchor_probability_v1,complete,3,18,7,"0,3,6,9,12,15,18","0,3,6,9,12,15,18",nearest connected 0.5+ fixed-layer STP proxy region to sounding
severe-2016-10-12,severe,2016-10-11T06:00:00+00:00,2016,2016,18,37.17517788894927,-97.26891776636506,model_forecast_maximum_stp,500,47.489545055774464,50.932930618650595,510.7576306675279,311.4159466014745,2.875343312931776,3.0,10,3.76,0.2375,0,"NOAA NCEI Storm Events bulk CSV export d2015-d2025, files and SHA-256 in archive/ncei/ncei-source-manifest.json",1.0840363702422147,sharpmod_hrrr_toi_experimental_v4,noaa-hrrr-bdp-pds,sharpmod_fixed_layer_stp_proxy_v1,sharpmod_toi_public_bins_experimental_v1,sharpmod_toi_public_anchor_probability_v1,complete,3,18,7,"0,3,6,9,12,15,18","0,3,6,9,12,15,18",nearest connected 0.5+ fixed-layer STP proxy region to sounding
severe-2017-03-07,severe,2017-03-06T06:00:00+00:00,2017,2017,6,37.15326301747158,-95.23835799725254,model_forecast_maximum_stp,500,22.820056830342125,117.91082947834411,413.8655041060209,308.49766126776285,6.119520000000001,6.5,3,2.58,0.089,0,"NOAA NCEI Storm Events bulk CSV export d2015-d2025, files and SHA-256 in archive/ncei/ncei-source-manifest.json",1.0840363702422147,sharpmod_hrrr_toi_experimental_v4,noaa-hrrr-bdp-pds,sharpmod_fixed_layer_stp_proxy_v1,sharpmod_toi_public_bins_experimental_v1,sharpmod_toi_public_anchor_probability_v1,complete,3,18,7,"0,3,6,9,12,15,18","0,3,6,9,12,15,18",nearest connected 0.5+ fixed-layer STP proxy region to sounding
outbreak-2018-04-13,outbreak,2018-04-12T06:00:00+00:00,2018,2018,12,35.553245274369004,-96.47908264992407,model_forecast_maximum_stp,500,12.119460845208826,52.92581845622727,219.84679749601867,266.52940740240393,3.4341011900156584,3.0,4,1.26,0.01,1,"NOAA NCEI Storm Events bulk CSV export d2015-d2025, files and SHA-256 in archive/ncei/ncei-source-manifest.json",0.51426978,sharpmod_hrrr_toi_experimental_v4,noaa-hrrr-bdp-pds,sharpmod_fixed_layer_stp_proxy_v1,sharpmod_toi_public_bins_experimental_v1,sharpmod_toi_public_anchor_probability_v1,complete,3,18,7,"0,3,6,9,12,15,18","0,3,6,9,12,15,18",nearest connected 0.5+ fixed-layer STP proxy region to sounding
severe-2025-06-09,severe,2025-06-08T06:00:00+00:00,2025,2025,6,32.95520591624387,-99.58607126061321,model_forecast_maximum_stp,300,7.01692363874895,100.77438358544532,159.98724406337945,270.58303803820695,6.749853333333334,6.5,6,1.23,0.01,0,"NOAA NCEI Storm Events bulk CSV export d2015-d2025, files and SHA-256 in archive/ncei/ncei-source-manifest.json",1.0840363702422147,sharpmod_hrrr_toi_experimental_v4,noaa-hrrr-bdp-pds,sharpmod_fixed_layer_stp_proxy_v1,sharpmod_toi_public_bins_experimental_v1,sharpmod_toi_public_anchor_probability_v1,complete,3,18,7,"0,3,6,9,12,15,18","0,3,6,9,12,15,18",nearest connected 0.5+ fixed-layer STP proxy region to sounding
severe-2022-07-08,severe,2022-07-07T06:00:00+00:00,2022,2022,18,39.41860312568739,-95.16629088565838,model_forecast_maximum_stp,300,11.196133348694865,54.88010413682102,454.8606804797195,340.7154719757884,5.044076000756948,4.5,7,0.93,0.01,0,"NOAA NCEI Storm Events bulk CSV export d2015-d2025, files and SHA-256 in archive/ncei/ncei-source-manifest.json",1.0840363702422147,sharpmod_hrrr_toi_experimental_v4,noaa-hrrr-bdp-pds,sharpmod_fixed_layer_stp_proxy_v1,sharpmod_toi_public_bins_experimental_v1,sharpmod_toi_public_anchor_probability_v1,complete,3,18,7,"0,3,6,9,12,15,18","0,3,6,9,12,15,18",nearest connected 0.5+ fixed-layer STP proxy region to sounding
null-2024-03-16,null,2024-03-15T06:00:00+00:00,2024,2024,6,29.742384201100336,-95.44670287472223,model_forecast_maximum_stp,500,19.35549684928597,53.87199398006607,88.61052568273121,198.96547503614977,7.524733333333333,8.5,3,1.87,0.0448,0,"NOAA NCEI Storm Events bulk CSV export d2015-d2025, files and SHA-256 in archive/ncei/ncei-source-manifest.json",1.0840363702422147,sharpmod_hrrr_toi_experimental_v4,noaa-hrrr-bdp-pds,sharpmod_fixed_layer_stp_proxy_v1,sharpmod_toi_public_bins_experimental_v1,sharpmod_toi_public_anchor_probability_v1,complete,3,18,7,"0,3,6,9,12,15,18","0,3,6,9,12,15,18",nearest connected 0.5+ fixed-layer STP proxy region to sounding
severe-2018-08-09,severe,2018-08-08T06:00:00+00:00,2018,2018,12,46.340293749401916,-90.26261812150261,model_forecast_maximum_stp,300,10.110787623814815,56.93431387210064,283.6114836237602,54.91000463805983,2.4644,2.0,8,1.23,0.01,0,"NOAA NCEI Storm Events bulk CSV export d2015-d2025, files and SHA-256 in archive/ncei/ncei-source-manifest.json",1.0840363702422147,sharpmod_hrrr_toi_experimental_v4,noaa-hrrr-bdp-pds,sharpmod_fixed_layer_stp_proxy_v1,sharpmod_toi_public_bins_experimental_v1,sharpmod_toi_public_anchor_probability_v1,complete,3,18,7,"0,3,6,9,12,15,18","0,3,6,9,12,15,18",nearest connected 0.5+ fixed-layer STP proxy region to sounding
outbreak-2023-05-12,outbreak,2023-05-11T06:00:00+00:00,2023,2023,18,34.911178846190666,-97.27584275395316,model_forecast_maximum_stp,500,16.033620829635115,72.63365699479053,636.6629501487354,330.12602162438833,5.350746872401219,4.5,5,1.89,0.0122,1,"NOAA NCEI Storm Events bulk CSV export d2015-d2025, files and SHA-256 in archive/ncei/ncei-source-manifest.json",0.51426978,sharpmod_hrrr_toi_experimental_v4,noaa-hrrr-bdp-pds,sharpmod_fixed_layer_stp_proxy_v1,sharpmod_toi_public_bins_experimental_v1,sharpmod_toi_public_anchor_probability_v1,complete,3,18,7,"0,3,6,9,12,15,18","0,3,6,9,12,15,18",nearest connected 0.5+ fixed-layer STP proxy region to sounding
severe-2020-05-22,severe,2020-05-21T06:00:00+00:00,2020,2020,6,36.526740501959445,-98.07622930182833,model_forecast_maximum_stp,500,16.93782156814956,72.33135157589297,1150.7661113684906,334.76461474231155,3.2546113915913115,3.0,5,1.96,0.01,0,"NOAA NCEI Storm Events bulk CSV export d2015-d2025, files and SHA-256 in archive/ncei/ncei-source-manifest.json",1.0840363702422147,sharpmod_hrrr_toi_experimental_v4,noaa-hrrr-bdp-pds,sharpmod_fixed_layer_stp_proxy_v1,sharpmod_toi_public_bins_experimental_v1,sharpmod_toi_public_anchor_probability_v1,complete,3,18,7,"0,3,6,9,12,15,18","0,3,6,9,12,15,18",nearest connected 0.5+ fixed-layer STP proxy region to sounding
null-2019-03-31,null,2019-03-30T06:00:00+00:00,2019,2019,12,35.93539837927741,-89.67384756859542,model_forecast_maximum_stp,500,19.281600230330167,88.29050278672754,398.9765581130509,358.2311046937851,1.2912411129387062,1.0,3,2.39,0.01,0,"NOAA NCEI Storm Events bulk CSV export d2015-d2025, files and SHA-256 in archive/ncei/ncei-source-manifest.json",1.0840363702422147,sharpmod_hrrr_toi_experimental_v4,noaa-hrrr-bdp-pds,sharpmod_fixed_layer_stp_proxy_v1,sharpmod_toi_public_bins_experimental_v1,sharpmod_toi_public_anchor_probability_v1,complete,3,18,7,"0,3,6,9,12,15,18","0,3,6,9,12,15,18",nearest connected 0.5+ fixed-layer STP proxy region to sounding
severe-2017-05-15,severe,2017-05-14T06:00:00+00:00,2017,2017,6,38.78919036641899,-96.43301316974629,model_forecast_maximum_stp,500,42.30077737554475,53.15912263949411,698.5792966630017,304.4576387855685,0.699547615033975,1.0,5,3.71,0.1243,0,"NOAA NCEI Storm Events bulk CSV export d2015-d2025, files and SHA-256 in archive/ncei/ncei-source-manifest.json",1.0840363702422147,sharpmod_hrrr_toi_experimental_v4,noaa-hrrr-bdp-pds,sharpmod_fixed_layer_stp_proxy_v1,sharpmod_toi_public_bins_experimental_v1,sharpmod_toi_public_anchor_probability_v1,complete,3,18,7,"0,3,6,9,12,15,18","0,3,6,9,12,15,18",nearest connected 0.5+ fixed-layer STP proxy region to sounding
severe-2015-12-27,severe,2015-12-26T06:00:00+00:00,2015,2015,12,32.322361567053534,-96.14098052038594,model_forecast_maximum_stp,500,7.223042710060898,109.60364102499949,557.3456954543783,309.7794108527044,4.6774000000000004,4.5,12,1.25,0.01,0,"NOAA NCEI Storm Events bulk CSV export d2015-d2025, files and SHA-256 in archive/ncei/ncei-source-manifest.json",1.0840363702422147,sharpmod_hrrr_toi_experimental_v4,noaa-hrrr-bdp-pds,sharpmod_fixed_layer_stp_proxy_v1,sharpmod_toi_public_bins_experimental_v1,sharpmod_toi_public_anchor_probability_v1,degraded,3,15,6,"0,3,6,9,12,15,18","0,3,6,9,12,15",nearest connected 0.5+ fixed-layer STP proxy region to sounding
null-2022-04-20,null,2022-04-19T06:00:00+00:00,2022,2022,12,30.286324899181604,-102.48811379646321,model_forecast_maximum_stp,500,27.74176343804382,53.40023378056299,543.5893179597011,336.7863803462168,2.8888,3.0,4,2.58,0.0286,0,"NOAA NCEI Storm Events bulk CSV export d2015-d2025, files and SHA-256 in archive/ncei/ncei-source-manifest.json",1.0840363702422147,sharpmod_hrrr_toi_experimental_v4,noaa-hrrr-bdp-pds,sharpmod_fixed_layer_stp_proxy_v1,sharpmod_toi_public_bins_experimental_v1,sharpmod_toi_public_anchor_probability_v1,complete,3,18,7,"0,3,6,9,12,15,18","0,3,6,9,12,15,18",nearest connected 0.5+ fixed-layer STP proxy region to sounding
null-2020-03-15,null,2020-03-14T06:00:00+00:00,2020,2020,6,32.004639279583344,-96.52537264617081,model_forecast_maximum_stp,500,27.350592539090684,54.26529284583215,235.3641358459847,255.0497336692001,4.007266666666666,4.5,3,2.55,0.0443,0,"NOAA NCEI Storm Events bulk CSV export d2015-d2025, files and SHA-256 in archive/ncei/ncei-source-manifest.json",1.0840363702422147,sharpmod_hrrr_toi_experimental_v4,noaa-hrrr-bdp-pds,sharpmod_fixed_layer_stp_proxy_v1,sharpmod_toi_public_bins_experimental_v1,sharpmod_toi_public_anchor_probability_v1,complete,3,18,7,"0,3,6,9,12,15,18","0,3,6,9,12,15,18",nearest connected 0.5+ fixed-layer STP proxy region to sounding
null-2020-03-20,null,2020-03-19T06:00:00+00:00,2020,2020,12,36.37813072039265,-91.64177911646544,model_forecast_maximum_stp,500,28.357504011840742,94.1383019956792,191.02213395294453,311.02238491691776,10.389466666666666,10.5,3,3.16,0.5516,0,"NOAA NCEI Storm Events bulk CSV export d2015-d2025, files and SHA-256 in archive/ncei/ncei-source-manifest.json",1.0840363702422147,sharpmod_hrrr_toi_experimental_v4,noaa-hrrr-bdp-pds,sharpmod_fixed_layer_stp_proxy_v1,sharpmod_toi_public_bins_experimental_v1,sharpmod_toi_public_anchor_probability_v1,complete,3,18,7,"0,3,6,9,12,15,18","0,3,6,9,12,15,18",nearest connected 0.5+ fixed-layer STP proxy region to sounding
null-2020-05-31,null,2020-05-30T06:00:00+00:00,2020,2020,18,47.79780486617626,-116.37389533489818,model_forecast_maximum_stp,500,48.410315427926015,66.09724466460638,307.19739000508054,225.10182385718733,1.6338232393170542,2.0,5,4.1,0.3038,0,"NOAA NCEI Storm Events bulk CSV export d2015-d2025, files and SHA-256 in archive/ncei/ncei-source-manifest.json",1.0840363702422147,sharpmod_hrrr_toi_experimental_v4,noaa-hrrr-bdp-pds,sharpmod_fixed_layer_stp_proxy_v1,sharpmod_toi_public_bins_experimental_v1,sharpmod_toi_public_anchor_probability_v1,complete,3,18,7,"0,3,6,9,12,15,18","0,3,6,9,12,15,18",nearest connected 0.5+ fixed-layer STP proxy region to sounding
severe-2020-12-30,severe,2020-12-29T06:00:00+00:00,2020,2020,18,34.216705453084955,-100.7925033432225,model_forecast_maximum_stp,500,6.504462242294121,90.8150249244196,192.94398392611643,333.5313483279384,1.15412,1.0,12,1.3,0.01,0,"NOAA NCEI Storm Events bulk CSV export d2015-d2025, files and SHA-256 in archive/ncei/ncei-source-manifest.json",1.0840363702422147,sharpmod_hrrr_toi_experimental_v4,noaa-hrrr-bdp-pds,sharpmod_fixed_layer_stp_proxy_v1,sharpmod_toi_public_bins_experimental_v1,sharpmod_toi_public_anchor_probability_v1,complete,3,18,7,"0,3,6,9,12,15,18","0,3,6,9,12,15,18",nearest connected 0.5+ fixed-layer STP proxy region to sounding
outbreak-2023-06-23,outbreak,2023-06-22T06:00:00+00:00,2023,2023,6,34.1595841929655,-102.35214768601679,model_forecast_maximum_stp,300,10.915022603808888,53.42253324237488,343.56857080405223,347.3990274004981,7.1456,6.5,6,1.15,0.01,1,"NOAA NCEI Storm Events bulk CSV export d2015-d2025, files and SHA-256 in archive/ncei/ncei-source-manifest.json",0.51426978,sharpmod_hrrr_toi_experimental_v4,noaa-hrrr-bdp-pds,sharpmod_fixed_layer_stp_proxy_v1,sharpmod_toi_public_bins_experimental_v1,sharpmod_toi_public_anchor_probability_v1,complete,3,18,7,"0,3,6,9,12,15,18","0,3,6,9,12,15,18",nearest connected 0.5+ fixed-layer STP proxy region to sounding
severe-2020-06-21,severe,2020-06-20T06:00:00+00:00,2020,2020,6,31.568433953028027,-102.56986141104267,model_forecast_maximum_stp,300,36.40187988874347,53.64242783344805,355.6233123505917,215.56481849637817,2.6949099729032007,3.0,6,3.3,0.1104,0,"NOAA NCEI Storm Events bulk CSV export d2015-d2025, files and SHA-256 in archive/ncei/ncei-source-manifest.json",1.0840363702422147,sharpmod_hrrr_toi_experimental_v4,noaa-hrrr-bdp-pds,sharpmod_fixed_layer_stp_proxy_v1,sharpmod_toi_public_bins_experimental_v1,sharpmod_toi_public_anchor_probability_v1,complete,3,18,7,"0,3,6,9,12,15,18","0,3,6,9,12,15,18",nearest connected 0.5+ fixed-layer STP proxy region to sounding
severe-2023-04-21,severe,2023-04-20T06:00:00+00:00,2023,2023,6,33.94119295022973,-98.05674483961553,model_forecast_maximum_stp,500,16.22630283582679,94.50230931674498,722.0650993973475,339.5162595290887,10.2272,10.5,4,2.13,0.1355,0,"NOAA NCEI Storm Events bulk CSV export d2015-d2025, files and SHA-256 in archive/ncei/ncei-source-manifest.json",1.0840363702422147,sharpmod_hrrr_toi_experimental_v4,noaa-hrrr-bdp-pds,sharpmod_fixed_layer_stp_proxy_v1,sharpmod_toi_public_bins_experimental_v1,sharpmod_toi_public_anchor_probability_v1,complete,3,18,7,"0,3,6,9,12,15,18","0,3,6,9,12,15,18",nearest connected 0.5+ fixed-layer STP proxy region to sounding
severe-2019-04-16,severe,2019-04-15T06:00:00+00:00,2019,2019,12,34.26134972515855,-98.44976599850048,model_forecast_maximum_stp,500,12.581979948430655,52.4850158284197,647.1728147074261,343.8431704981555,2.9241315902885523,3.0,4,1.29,0.01,0,"NOAA NCEI Storm Events bulk CSV export d2015-d2025, files and SHA-256 in archive/ncei/ncei-source-manifest.json",1.0840363702422147,sharpmod_hrrr_toi_experimental_v4,noaa-hrrr-bdp-pds,sharpmod_fixed_layer_stp_proxy_v1,sharpmod_toi_public_bins_experimental_v1,sharpmod_toi_public_anchor_probability_v1,complete,3,18,7,"0,3,6,9,12,15,18","0,3,6,9,12,15,18",nearest connected 0.5+ fixed-layer STP proxy region to sounding
null-2023-05-14,null,2023-05-13T06:00:00+00:00,2023,2023,18,41.97314703836712,-93.77456967776408,model_forecast_maximum_stp,500,13.738483294597485,73.14736256441469,1346.5237061235493,48.18306878325524,2.047538004678927,2.0,5,1.69,0.01,0,"NOAA NCEI Storm Events bulk CSV export d2015-d2025, files and SHA-256 in archive/ncei/ncei-source-manifest.json",1.0840363702422147,sharpmod_hrrr_toi_experimental_v4,noaa-hrrr-bdp-pds,sharpmod_fixed_layer_stp_proxy_v1,sharpmod_toi_public_bins_experimental_v1,sharpmod_toi_public_anchor_probability_v1,complete,3,18,7,"0,3,6,9,12,15,18","0,3,6,9,12,15,18",nearest connected 0.5+ fixed-layer STP proxy region to sounding
null-2018-05-26,null,2018-05-25T06:00:00+00:00,2018,2018,12,35.556422097976025,-98.06876488050818,model_forecast_maximum_stp,500,4.817273527889406,54.02466208158431,1233.5207576323157,282.35309323422905,3.0826666666666664,3.0,5,0.63,0.01,0,"NOAA NCEI Storm Events bulk CSV export d2015-d2025, files and SHA-256 in archive/ncei/ncei-source-manifest.json",1.0840363702422147,sharpmod_hrrr_toi_experimental_v4,noaa-hrrr-bdp-pds,sharpmod_fixed_layer_stp_proxy_v1,sharpmod_toi_public_bins_experimental_v1,sharpmod_toi_public_anchor_probability_v1,complete,3,18,7,"0,3,6,9,12,15,18","0,3,6,9,12,15,18",nearest connected 0.5+ fixed-layer STP proxy region to sounding
null-2025-07-05,null,2025-07-04T06:00:00+00:00,2025,2025,18,47.959608630271305,-90.55052759648021,model_forecast_maximum_stp,300,17.47957589887268,86.20228375421846,164.72265874428066,273.6553836514971,11.442900887035265,10.5,7,1.99,0.106,0,"NOAA NCEI Storm Events bulk CSV export d2015-d2025, files and SHA-256 in archive/ncei/ncei-source-manifest.json",1.0840363702422147,sharpmod_hrrr_toi_experimental_v4,noaa-hrrr-bdp-pds,sharpmod_fixed_layer_stp_proxy_v1,sharpmod_toi_public_bins_experimental_v1,sharpmod_toi_public_anchor_probability_v1,complete,3,18,7,"0,3,6,9,12,15,18","0,3,6,9,12,15,18",nearest connected 0.5+ fixed-layer STP proxy region to sounding
severe-2015-04-13,severe,2015-04-12T06:00:00+00:00,2015,2015,12,38.13799714495272,-98.91292564957206,model_forecast_maximum_stp,500,12.380448267372833,54.0622383963138,29.298469972374864,269.8648616420995,3.1748414702662737,3.0,4,1.28,0.01,0,"NOAA NCEI Storm Events bulk CSV export d2015-d2025, files and SHA-256 in archive/ncei/ncei-source-manifest.json",1.0840363702422147,sharpmod_hrrr_toi_experimental_v4,noaa-hrrr-bdp-pds,sharpmod_fixed_layer_stp_proxy_v1,sharpmod_toi_public_bins_experimental_v1,sharpmod_toi_public_anchor_probability_v1,degraded,3,15,6,"0,3,6,9,12,15,18","0,3,6,9,12,15",nearest connected 0.5+ fixed-layer STP proxy region to sounding
severe-2024-11-02,severe,2024-11-01T06:00:00+00:00,2024,2024,18,29.64668010411252,-102.44821972580002,model_forecast_maximum_stp,500,9.658326084246385,54.66276526215284,851.4394416992028,339.11455085577984,2.0268272198450052,2.0,11,1.05,0.01,0,"NOAA NCEI Storm Events bulk CSV export d2015-d2025, files and SHA-256 in archive/ncei/ncei-source-manifest.json",1.0840363702422147,sharpmod_hrrr_toi_experimental_v4,noaa-hrrr-bdp-pds,sharpmod_fixed_layer_stp_proxy_v1,sharpmod_toi_public_bins_experimental_v1,sharpmod_toi_public_anchor_probability_v1,complete,3,18,7,"0,3,6,9,12,15,18","0,3,6,9,12,15,18",nearest connected 0.5+ fixed-layer STP proxy region to sounding
null-2018-03-30,null,2018-03-29T06:00:00+00:00,2018,2018,12,39.706354469780706,-79.47542717930821,model_forecast_maximum_stp,500,19.98492031295834,96.76376168053761,58.582263358442866,292.02236299143794,1.8312333333333335,2.0,3,2.34,0.0127,0,"NOAA NCEI Storm Events bulk CSV export d2015-d2025, files and SHA-256 in archive/ncei/ncei-source-manifest.json",1.0840363702422147,sharpmod_hrrr_toi_experimental_v4,noaa-hrrr-bdp-pds,sharpmod_fixed_layer_stp_proxy_v1,sharpmod_toi_public_bins_experimental_v1,sharpmod_toi_public_anchor_probability_v1,complete,3,18,7,"0,3,6,9,12,15,18","0,3,6,9,12,15,18",nearest connected 0.5+ fixed-layer STP proxy region to sounding
null-2025-06-29,null,2025-06-28T06:00:00+00:00,2025,2025,12,44.89703481476657,-94.51663382849159,model_forecast_maximum_stp,300,33.827127496605726,62.86961746530083,65.34942084024,11.953175670616702,6.69340219850119,6.5,6,3.25,0.2718,0,"NOAA NCEI Storm Events bulk CSV export d2015-d2025, files and SHA-256 in archive/ncei/ncei-source-manifest.json",1.0840363702422147,sharpmod_hrrr_toi_experimental_v4,noaa-hrrr-bdp-pds,sharpmod_fixed_layer_stp_proxy_v1,sharpmod_toi_public_bins_experimental_v1,sharpmod_toi_public_anchor_probability_v1,complete,3,18,7,"0,3,6,9,12,15,18","0,3,6,9,12,15,18",nearest connected 0.5+ fixed-layer STP proxy region to sounding
outbreak-2023-04-01,outbreak,2023-03-31T06:00:00+00:00,2023,2023,12,36.656860228783444,-90.81104466383783,model_forecast_maximum_stp,500,6.41001031072723,51.24748907336285,143.9994497542119,29.307295560745843,6.828266666666666,6.5,3,0.77,0.01,1,"NOAA NCEI Storm Events bulk CSV export d2015-d2025, files and SHA-256 in archive/ncei/ncei-source-manifest.json",0.51426978,sharpmod_hrrr_toi_experimental_v4,noaa-hrrr-bdp-pds,sharpmod_fixed_layer_stp_proxy_v1,sharpmod_toi_public_bins_experimental_v1,sharpmod_toi_public_anchor_probability_v1,complete,3,18,7,"0,3,6,9,12,15,18","0,3,6,9,12,15,18",nearest connected 0.5+ fixed-layer STP proxy region to sounding
severe-2017-10-20,severe,2017-10-19T06:00:00+00:00,2017,2017,18,32.02551318144465,-105.64354604134462,model_forecast_maximum_stp,500,13.15141322758317,56.08098888960501,1267.2488610382295,277.8111842123389,1.1047002450405345,1.0,10,1.49,0.01,0,"NOAA NCEI Storm Events bulk CSV export d2015-d2025, files and SHA-256 in archive/ncei/ncei-source-manifest.json",1.0840363702422147,sharpmod_hrrr_toi_experimental_v4,noaa-hrrr-bdp-pds,sharpmod_fixed_layer_stp_proxy_v1,sharpmod_toi_public_bins_experimental_v1,sharpmod_toi_public_anchor_probability_v1,complete,3,18,7,"0,3,6,9,12,15,18","0,3,6,9,12,15,18",nearest connected 0.5+ fixed-layer STP proxy region to sounding
null-2020-04-14,null,2020-04-13T06:00:00+00:00,2020,2020,18,25.062503666663947,-81.9089855913067,model_forecast_maximum_stp,500,2.204274239084157,114.97329838180815,362.86148243174006,352.720708099352,8.870133333333332,8.5,4,0.82,0.01,0,"NOAA NCEI Storm Events bulk CSV export d2015-d2025, files and SHA-256 in archive/ncei/ncei-source-manifest.json",1.0840363702422147,sharpmod_hrrr_toi_experimental_v4,noaa-hrrr-bdp-pds,sharpmod_fixed_layer_stp_proxy_v1,sharpmod_toi_public_bins_experimental_v1,sharpmod_toi_public_anchor_probability_v1,complete,3,18,7,"0,3,6,9,12,15,18","0,3,6,9,12,15,18",nearest connected 0.5+ fixed-layer STP proxy region to sounding
severe-2020-08-22,severe,2020-08-21T06:00:00+00:00,2020,2020,6,28.348543647016125,-82.369601559925,model_forecast_maximum_stp,300,10.878897646532673,60.16171873620998,81.1382114913499,321.54928097923926,2.9213572462752837,3.0,8,1.3,0.01,0,"NOAA NCEI Storm Events bulk CSV export d2015-d2025, files and SHA-256 in archive/ncei/ncei-source-manifest.json",1.0840363702422147,sharpmod_hrrr_toi_experimental_v4,noaa-hrrr-bdp-pds,sharpmod_fixed_layer_stp_proxy_v1,sharpmod_toi_public_bins_experimental_v1,sharpmod_toi_public_anchor_probability_v1,complete,3,18,7,"0,3,6,9,12,15,18","0,3,6,9,12,15,18",nearest connected 0.5+ fixed-layer STP proxy region to sounding
severe-2025-08-11,severe,2025-08-10T06:00:00+00:00,2025,2025,6,38.13141509374061,-95.61946540234965,model_forecast_maximum_stp,300,19.240752479770663,67.3579004329518,459.6999033899664,47.54057308516241,4.4445420859022775,4.5,8,2.16,0.0208,0,"NOAA NCEI Storm Events bulk CSV export d2015-d2025, files and SHA-256 in archive/ncei/ncei-source-manifest.json",1.0840363702422147,sharpmod_hrrr_toi_experimental_v4,noaa-hrrr-bdp-pds,sharpmod_fixed_layer_stp_proxy_v1,sharpmod_toi_public_bins_experimental_v1,sharpmod_toi_public_anchor_probability_v1,complete,3,18,7,"0,3,6,9,12,15,18","0,3,6,9,12,15,18",nearest connected 0.5+ fixed-layer STP proxy region to sounding
severe-2022-10-29,severe,2022-10-28T06:00:00+00:00,2022,2022,6,29.10285366673327,-95.46302045197558,model_forecast_maximum_stp,500,13.842078548371367,86.41082229237476,160.96503855031372,322.7284340776153,2.8929600000000004,3.0,10,1.93,0.01,0,"NOAA NCEI Storm Events bulk CSV export d2015-d2025, files and SHA-256 in archive/ncei/ncei-source-manifest.json",1.0840363702422147,sharpmod_hrrr_toi_experimental_v4,noaa-hrrr-bdp-pds,sharpmod_fixed_layer_stp_proxy_v1,sharpmod_toi_public_bins_experimental_v1,sharpmod_toi_public_anchor_probability_v1,complete,3,18,7,"0,3,6,9,12,15,18","0,3,6,9,12,15,18",nearest connected 0.5+ fixed-layer STP proxy region to sounding
severe-2016-09-15,severe,2016-09-14T06:00:00+00:00,2016,2016,12,38.985493402590876,-103.09724701036458,model_forecast_maximum_stp,500,11.635660455420663,58.59350929713649,425.41724553847274,310.4925928269381,2.19721651484895,2.0,9,1.36,0.01,0,"NOAA NCEI Storm Events bulk CSV export d2015-d2025, files and SHA-256 in archive/ncei/ncei-source-manifest.json",1.0840363702422147,sharpmod_hrrr_toi_experimental_v4,noaa-hrrr-bdp-pds,sharpmod_fixed_layer_stp_proxy_v1,sharpmod_toi_public_bins_experimental_v1,sharpmod_toi_public_anchor_probability_v1,complete,3,18,7,"0,3,6,9,12,15,18","0,3,6,9,12,15,18",nearest connected 0.5+ fixed-layer STP proxy region to sounding
null-2022-03-17,null,2022-03-16T06:00:00+00:00,2022,2022,12,28.295750088738934,-82.01237201717339,model_forecast_maximum_stp,500,11.117840684942829,56.45276458936224,26.508276755127397,37.04877620253342,2.1237666666666666,2.0,3,1.32,0.01,0,"NOAA NCEI Storm Events bulk CSV export d2015-d2025, files and SHA-256 in archive/ncei/ncei-source-manifest.json",1.0840363702422147,sharpmod_hrrr_toi_experimental_v4,noaa-hrrr-bdp-pds,sharpmod_fixed_layer_stp_proxy_v1,sharpmod_toi_public_bins_experimental_v1,sharpmod_toi_public_anchor_probability_v1,complete,3,18,7,"0,3,6,9,12,15,18","0,3,6,9,12,15,18",nearest connected 0.5+ fixed-layer STP proxy region to sounding
severe-2020-05-29,severe,2020-05-28T06:00:00+00:00,2020,2020,12,35.11017521853653,-81.79135680807912,model_forecast_maximum_stp,500,31.49064591842017,52.17254715078617,782.179324047805,231.58364198399423,2.907248176435966,3.0,5,2.89,0.0518,0,"NOAA NCEI Storm Events bulk CSV export d2015-d2025, files and SHA-256 in archive/ncei/ncei-source-manifest.json",1.0840363702422147,sharpmod_hrrr_toi_experimental_v4,noaa-hrrr-bdp-pds,sharpmod_fixed_layer_stp_proxy_v1,sharpmod_toi_public_bins_experimental_v1,sharpmod_toi_public_anchor_probability_v1,complete,3,18,7,"0,3,6,9,12,15,18","0,3,6,9,12,15,18",nearest connected 0.5+ fixed-layer STP proxy region to sounding
null-2018-04-18,null,2018-04-17T06:00:00+00:00,2018,2018,6,36.18996371249195,-95.6685984842548,model_forecast_maximum_stp,500,19.896850957591727,118.1502310093102,424.61437880035396,47.43770614883539,2.2034912858621274,2.0,4,2.33,0.0125,0,"NOAA NCEI Storm Events bulk CSV export d2015-d2025, files and SHA-256 in archive/ncei/ncei-source-manifest.json",1.0840363702422147,sharpmod_hrrr_toi_experimental_v4,noaa-hrrr-bdp-pds,sharpmod_fixed_layer_stp_proxy_v1,sharpmod_toi_public_bins_experimental_v1,sharpmod_toi_public_anchor_probability_v1,complete,3,18,7,"0,3,6,9,12,15,18","0,3,6,9,12,15,18",nearest connected 0.5+ fixed-layer STP proxy region to sounding
null-2020-04-06,null,2020-04-05T06:00:00+00:00,2020,2020,6,32.59333547546531,-101.10617098268034,model_forecast_maximum_stp,500,24.46127327981637,50.752531469704564,145.51157607871562,173.32122705687834,1.1277666666666666,1.0,4,2.3,0.01,0,"NOAA NCEI Storm Events bulk CSV export d2015-d2025, files and SHA-256 in archive/ncei/ncei-source-manifest.json",1.0840363702422147,sharpmod_hrrr_toi_experimental_v4,noaa-hrrr-bdp-pds,sharpmod_fixed_layer_stp_proxy_v1,sharpmod_toi_public_bins_experimental_v1,sharpmod_toi_public_anchor_probability_v1,complete,3,18,7,"0,3,6,9,12,15,18","0,3,6,9,12,15,18",nearest connected 0.5+ fixed-layer STP proxy region to sounding
null-2025-06-23,null,2025-06-22T06:00:00+00:00,2025,2025,6,46.214034091443715,-96.772873503901,model_forecast_maximum_stp,300,16.782407261370256,54.242234783655014,66.28383550364651,206.36857245316523,5.652533333333334,6.5,6,1.65,0.015,0,"NOAA NCEI Storm Events bulk CSV export d2015-d2025, files and SHA-256 in archive/ncei/ncei-source-manifest.json",1.0840363702422147,sharpmod_hrrr_toi_experimental_v4,noaa-hrrr-bdp-pds,sharpmod_fixed_layer_stp_proxy_v1,sharpmod_toi_public_bins_experimental_v1,sharpmod_toi_public_anchor_probability_v1,complete,3,18,7,"0,3,6,9,12,15,18","0,3,6,9,12,15,18",nearest connected 0.5+ fixed-layer STP proxy region to sounding
outbreak-2019-05-05,outbreak,2019-05-04T06:00:00+00:00,2019,2019,12,31.450468907243067,-81.38145064061035,model_forecast_maximum_stp,500,45.46495647734998,52.70735893653541,632.7729286687803,353.2667640748122,1.2042974123218477,1.0,5,3.5,0.0853,1,"NOAA NCEI Storm Events bulk CSV export d2015-d2025, files and SHA-256 in archive/ncei/ncei-source-manifest.json",0.51426978,sharpmod_hrrr_toi_experimental_v4,noaa-hrrr-bdp-pds,sharpmod_fixed_layer_stp_proxy_v1,sharpmod_toi_public_bins_experimental_v1,sharpmod_toi_public_anchor_probability_v1,complete,3,18,7,"0,3,6,9,12,15,18","0,3,6,9,12,15,18",nearest connected 0.5+ fixed-layer STP proxy region to sounding
severe-2024-07-04,severe,2024-07-03T06:00:00+00:00,2024,2024,6,37.497617032409906,-98.08389225082561,model_forecast_maximum_stp,300,46.67411640950485,55.18214301454666,234.30346741977937,221.04086007127208,3.0761079269522025,3.0,7,3.69,0.2131,0,"NOAA NCEI Storm Events bulk CSV export d2015-d2025, files and SHA-256 in archive/ncei/ncei-source-manifest.json",1.0840363702422147,sharpmod_hrrr_toi_experimental_v4,noaa-hrrr-bdp-pds,sharpmod_fixed_layer_stp_proxy_v1,sharpmod_toi_public_bins_experimental_v1,sharpmod_toi_public_anchor_probability_v1,complete,3,18,7,"0,3,6,9,12,15,18","0,3,6,9,12,15,18",nearest connected 0.5+ fixed-layer STP proxy region to sounding
severe-2021-08-02,severe,2021-08-01T06:00:00+00:00,2021,2021,12,33.111159980829555,-79.46318365591509,model_forecast_maximum_stp,300,23.632435461398583,54.451715897531756,94.63560687378157,130.3517324276205,2.305000166700751,2.0,8,2.23,0.0103,0,"NOAA NCEI Storm Events bulk CSV export d2015-d2025, files and SHA-256 in archive/ncei/ncei-source-manifest.json",1.0840363702422147,sharpmod_hrrr_toi_experimental_v4,noaa-hrrr-bdp-pds,sharpmod_fixed_layer_stp_proxy_v1,sharpmod_toi_public_bins_experimental_v1,sharpmod_toi_public_anchor_probability_v1,complete,3,18,7,"0,3,6,9,12,15,18","0,3,6,9,12,15,18",nearest connected 0.5+ fixed-layer STP proxy region to sounding
null-2019-03-23,null,2019-03-22T06:00:00+00:00,2019,2019,12,34.17591322423759,-101.96246296130221,model_forecast_maximum_stp,500,14.137458373998186,57.98781014336586,53.74392665758275,1.9390137941695116,3.8588400000000003,4.5,3,1.58,0.01,0,"NOAA NCEI Storm Events bulk CSV export d2015-d2025, files and SHA-256 in archive/ncei/ncei-source-manifest.json",1.0840363702422147,sharpmod_hrrr_toi_experimental_v4,noaa-hrrr-bdp-pds,sharpmod_fixed_layer_stp_proxy_v1,sharpmod_toi_public_bins_experimental_v1,sharpmod_toi_public_anchor_probability_v1,complete,3,18,7,"0,3,6,9,12,15,18","0,3,6,9,12,15,18",nearest connected 0.5+ fixed-layer STP proxy region to sounding
severe-2022-06-07,severe,2022-06-06T06:00:00+00:00,2022,2022,18,35.98754592530835,-90.47042181594645,model_forecast_maximum_stp,300,25.725822262299175,60.499268085471215,183.76141547952938,291.2908186171736,2.494970603338365,2.0,6,2.56,0.0197,0,"NOAA NCEI Storm Events bulk CSV export d2015-d2025, files and SHA-256 in archive/ncei/ncei-source-manifest.json",1.0840363702422147,sharpmod_hrrr_toi_experimental_v4,noaa-hrrr-bdp-pds,sharpmod_fixed_layer_stp_proxy_v1,sharpmod_toi_public_bins_experimental_v1,sharpmod_toi_public_anchor_probability_v1,complete,3,18,7,"0,3,6,9,12,15,18","0,3,6,9,12,15,18",nearest connected 0.5+ fixed-layer STP proxy region to sounding
null-2024-07-27,null,2024-07-26T06:00:00+00:00,2024,2024,6,47.175231793508004,-98.1734504312833,model_forecast_maximum_stp,300,17.128776755849835,110.58400591412557,335.7595865425855,269.64099461821485,7.982527282222571,8.5,7,1.84,0.0423,0,"NOAA NCEI Storm Events bulk CSV export d2015-d2025, files and SHA-256 in archive/ncei/ncei-source-manifest.json",1.0840363702422147,sharpmod_hrrr_toi_experimental_v4,noaa-hrrr-bdp-pds,sharpmod_fixed_layer_stp_proxy_v1,sharpmod_toi_public_bins_experimental_v1,sharpmod_toi_public_anchor_probability_v1,complete,3,18,7,"0,3,6,9,12,15,18","0,3,6,9,12,15,18",nearest connected 0.5+ fixed-layer STP proxy region to sounding
severe-2023-02-16,severe,2023-02-15T06:00:00+00:00,2023,2023,6,31.613706427487404,-93.50901190025974,model_forecast_maximum_stp,500,11.246230571149319,117.90443200496102,628.2182530445317,8.523775213384624,3.190735156260285,3.0,2,1.59,0.01,0,"NOAA NCEI Storm Events bulk CSV export d2015-d2025, files and SHA-256 in archive/ncei/ncei-source-manifest.json",1.0840363702422147,sharpmod_hrrr_toi_experimental_v4,noaa-hrrr-bdp-pds,sharpmod_fixed_layer_stp_proxy_v1,sharpmod_toi_public_bins_experimental_v1,sharpmod_toi_public_anchor_probability_v1,complete,3,18,7,"0,3,6,9,12,15,18","0,3,6,9,12,15,18",nearest connected 0.5+ fixed-layer STP proxy region to sounding
severe-2024-06-27,severe,2024-06-26T06:00:00+00:00,2024,2024,18,37.43277042885795,-75.87269041664314,model_forecast_maximum_stp,300,15.765110714124711,52.27338214240145,538.126888800604,145.30774038258983,1.2907237878266944,1.0,6,1.57,0.01,0,"NOAA NCEI Storm Events bulk CSV export d2015-d2025, files and SHA-256 in archive/ncei/ncei-source-manifest.json",1.0840363702422147,sharpmod_hrrr_toi_experimental_v4,noaa-hrrr-bdp-pds,sharpmod_fixed_layer_stp_proxy_v1,sharpmod_toi_public_bins_experimental_v1,sharpmod_toi_public_anchor_probability_v1,complete,3,18,7,"0,3,6,9,12,15,18","0,3,6,9,12,15,18",nearest connected 0.5+ fixed-layer STP proxy region to sounding
null-2020-06-30,null,2020-06-29T06:00:00+00:00,2020,2020,12,45.5282698474295,-94.02862290332615,model_forecast_maximum_stp,300,26.767648007558336,53.403772981671445,548.7966906435706,282.50561373670604,4.603466666666667,4.5,6,2.5,0.0402,0,"NOAA NCEI Storm Events bulk CSV export d2015-d2025, files and SHA-256 in archive/ncei/ncei-source-manifest.json",1.0840363702422147,sharpmod_hrrr_toi_experimental_v4,noaa-hrrr-bdp-pds,sharpmod_fixed_layer_stp_proxy_v1,sharpmod_toi_public_bins_experimental_v1,sharpmod_toi_public_anchor_probability_v1,complete,3,18,7,"0,3,6,9,12,15,18","0,3,6,9,12,15,18",nearest connected 0.5+ fixed-layer STP proxy region to sounding
severe-2021-06-09,severe,2021-06-08T06:00:00+00:00,2021,2021,18,33.289446793943355,-98.8235378012759,model_forecast_maximum_stp,300,7.193112341609761,70.08273902762843,1150.9655087627275,280.1623818221532,4.309621100641234,4.5,6,1.14,0.01,0,"NOAA NCEI Storm Events bulk CSV export d2015-d2025, files and SHA-256 in archive/ncei/ncei-source-manifest.json",1.0840363702422147,sharpmod_hrrr_toi_experimental_v4,noaa-hrrr-bdp-pds,sharpmod_fixed_layer_stp_proxy_v1,sharpmod_toi_public_bins_experimental_v1,sharpmod_toi_public_anchor_probability_v1,complete,3,18,7,"0,3,6,9,12,15,18","0,3,6,9,12,15,18",nearest connected 0.5+ fixed-layer STP proxy region to sounding
outbreak-2015-12-26,outbreak,2015-12-25T06:00:00+00:00,2015,2015,12,33.81888679935914,-87.55014317966959,model_forecast_maximum_stp,500,9.698719705728491,65.84057314492068,454.277705645488,30.336854673632104,3.562878770433614,4.5,12,1.35,0.01,1,"NOAA NCEI Storm Events bulk CSV export d2015-d2025, files and SHA-256 in archive/ncei/ncei-source-manifest.json",0.51426978,sharpmod_hrrr_toi_experimental_v4,noaa-hrrr-bdp-pds,sharpmod_fixed_layer_stp_proxy_v1,sharpmod_toi_public_bins_experimental_v1,sharpmod_toi_public_anchor_probability_v1,degraded,3,15,6,"0,3,6,9,12,15,18","0,3,6,9,12,15",nearest connected 0.5+ fixed-layer STP proxy region to sounding
severe-2024-06-03,severe,2024-06-02T06:00:00+00:00,2024,2024,18,43.32038162498592,-97.24776713478838,model_forecast_maximum_stp,300,11.734958646677894,60.375928072465875,182.63616084256108,3.358886213860387,8.723,8.5,6,1.37,0.017,0,"NOAA NCEI Storm Events bulk CSV export d2015-d2025, files and SHA-256 in archive/ncei/ncei-source-manifest.json",1.0840363702422147,sharpmod_hrrr_toi_experimental_v4,noaa-hrrr-bdp-pds,sharpmod_fixed_layer_stp_proxy_v1,sharpmod_toi_public_bins_experimental_v1,sharpmod_toi_public_anchor_probability_v1,complete,3,18,7,"0,3,6,9,12,15,18","0,3,6,9,12,15,18",nearest connected 0.5+ fixed-layer STP proxy region to sounding
severe-2018-05-24,severe,2018-05-23T06:00:00+00:00,2018,2018,12,44.593036300999344,-95.43478213872976,model_forecast_maximum_stp,500,5.231343492988272,72.89871430162034,1272.6280236906937,55.58759223120933,2.716092939848022,3.0,5,0.97,0.01,0,"NOAA NCEI Storm Events bulk CSV export d2015-d2025, files and SHA-256 in archive/ncei/ncei-source-manifest.json",1.0840363702422147,sharpmod_hrrr_toi_experimental_v4,noaa-hrrr-bdp-pds,sharpmod_fixed_layer_stp_proxy_v1,sharpmod_toi_public_bins_experimental_v1,sharpmod_toi_public_anchor_probability_v1,complete,3,18,7,"0,3,6,9,12,15,18","0,3,6,9,12,15,18",nearest connected 0.5+ fixed-layer STP proxy region to sounding
severe-2023-04-02,severe,2023-04-01T06:00:00+00:00,2023,2023,18,41.2923899311363,-79.05671112221052,model_forecast_maximum_stp,500,28.175407040621366,119.47287584778684,107.95524528537716,175.64909230160856,2.2399999999999998,2.0,4,3.03,0.0488,0,"NOAA NCEI Storm Events bulk CSV export d2015-d2025, files and SHA-256 in archive/ncei/ncei-source-manifest.json",1.0840363702422147,sharpmod_hrrr_toi_experimental_v4,noaa-hrrr-bdp-pds,sharpmod_fixed_layer_stp_proxy_v1,sharpmod_toi_public_bins_experimental_v1,sharpmod_toi_public_anchor_probability_v1,complete,3,18,7,"0,3,6,9,12,15,18","0,3,6,9,12,15,18",nearest connected 0.5+ fixed-layer STP proxy region to sounding
null-2022-03-20,null,2022-03-19T06:00:00+00:00,2022,2022,18,35.89387514600854,-78.37195426010214,model_forecast_maximum_stp,500,15.807029040646954,85.16273829996986,134.64728101021743,302.5362860936763,1.98162,2.0,3,2.09,0.01,0,"NOAA NCEI Storm Events bulk CSV export d2015-d2025, files and SHA-256 in archive/ncei/ncei-source-manifest.json",1.0840363702422147,sharpmod_hrrr_toi_experimental_v4,noaa-hrrr-bdp-pds,sharpmod_fixed_layer_stp_proxy_v1,sharpmod_toi_public_bins_experimental_v1,sharpmod_toi_public_anchor_probability_v1,complete,3,18,7,"0,3,6,9,12,15,18","0,3,6,9,12,15,18",nearest connected 0.5+ fixed-layer STP proxy region to sounding
null-2017-06-01,null,2017-05-31T06:00:00+00:00,2017,2017,12,39.6346028125873,-75.18770582528754,model_forecast_maximum_stp,500,36.78636301835311,56.62355164969907,144.03876547367372,22.191032366215552,1.844139543200926,2.0,5,3.48,0.1121,0,"NOAA NCEI Storm Events bulk CSV export d2015-d2025, files and SHA-256 in archive/ncei/ncei-source-manifest.json",1.0840363702422147,sharpmod_hrrr_toi_experimental_v4,noaa-hrrr-bdp-pds,sharpmod_fixed_layer_stp_proxy_v1,sharpmod_toi_public_bins_experimental_v1,sharpmod_toi_public_anchor_probability_v1,complete,3,18,7,"0,3,6,9,12,15,18","0,3,6,9,12,15,18",nearest connected 0.5+ fixed-layer STP proxy region to sounding
null-2025-08-26,null,2025-08-25T06:00:00+00:00,2025,2025,18,33.427389468342035,-79.38794016713746,model_forecast_maximum_stp,300,5.642165506473181,112.3504004401347,598.3722922383012,348.8431001932728,1.6875668829603927,2.0,8,1.12,0.01,0,"NOAA NCEI Storm Events bulk CSV export d2015-d2025, files and SHA-256 in archive/ncei/ncei-source-manifest.json",1.0840363702422147,sharpmod_hrrr_toi_experimental_v4,noaa-hrrr-bdp-pds,sharpmod_fixed_layer_stp_proxy_v1,sharpmod_toi_public_bins_experimental_v1,sharpmod_toi_public_anchor_probability_v1,complete,3,18,7,"0,3,6,9,12,15,18","0,3,6,9,12,15,18",nearest connected 0.5+ fixed-layer STP proxy region to sounding
severe-2021-06-27,severe,2021-06-26T06:00:00+00:00,2021,2021,12,35.22999101776483,-96.48347174096807,model_forecast_maximum_stp,300,15.202473356411865,60.684621147271656,230.55820593672433,341.9164214895476,2.4492344967662745,2.0,6,1.67,0.01,0,"NOAA NCEI Storm Events bulk CSV export d2015-d2025, files and SHA-256 in archive/ncei/ncei-source-manifest.json",1.0840363702422147,sharpmod_hrrr_toi_experimental_v4,noaa-hrrr-bdp-pds,sharpmod_fixed_layer_stp_proxy_v1,sharpmod_toi_public_bins_experimental_v1,sharpmod_toi_public_anchor_probability_v1,complete,3,18,7,"0,3,6,9,12,15,18","0,3,6,9,12,15,18",nearest connected 0.5+ fixed-layer STP proxy region to sounding
severe-2018-09-13,severe,2018-09-12T06:00:00+00:00,2018,2018,12,46.8232164355698,-100.50992319201123,model_forecast_maximum_stp,500,24.692883540994163,75.47539897296237,269.675329507746,257.2935951922898,3.4086415868369393,3.0,9,2.74,0.0389,0,"NOAA NCEI Storm Events bulk CSV export d2015-d2025, files and SHA-256 in archive/ncei/ncei-source-manifest.json",1.0840363702422147,sharpmod_hrrr_toi_experimental_v4,noaa-hrrr-bdp-pds,sharpmod_fixed_layer_stp_proxy_v1,sharpmod_toi_public_bins_experimental_v1,sharpmod_toi_public_anchor_probability_v1,complete,3,18,7,"0,3,6,9,12,15,18","0,3,6,9,12,15,18",nearest connected 0.5+ fixed-layer STP proxy region to sounding
null-2025-08-02,null,2025-08-01T06:00:00+00:00,2025,2025,6,31.077735321928216,-81.07757747461869,model_forecast_maximum_stp,300,4.227890139542372,88.61581996080032,1170.5120942561189,7.8900541332794205,1.6369749187080278,2.0,8,1.11,0.01,0,"NOAA NCEI Storm Events bulk CSV export d2015-d2025, files and SHA-256 in archive/ncei/ncei-source-manifest.json",1.0840363702422147,sharpmod_hrrr_toi_experimental_v4,noaa-hrrr-bdp-pds,sharpmod_fixed_layer_stp_proxy_v1,sharpmod_toi_public_bins_experimental_v1,sharpmod_toi_public_anchor_probability_v1,complete,3,18,7,"0,3,6,9,12,15,18","0,3,6,9,12,15,18",nearest connected 0.5+ fixed-layer STP proxy region to sounding
null-2025-03-03,null,2025-03-02T06:00:00+00:00,2025,2025,18,33.938558685844455,-98.44575179062042,model_forecast_maximum_stp,500,29.888431921208216,109.03509101814987,247.0681921636818,195.0569775731709,1.5143333333333333,2.0,3,3.18,0.0648,0,"NOAA NCEI Storm Events bulk CSV export d2015-d2025, files and SHA-256 in archive/ncei/ncei-source-manifest.json",1.0840363702422147,sharpmod_hrrr_toi_experimental_v4,noaa-hrrr-bdp-pds,sharpmod_fixed_layer_stp_proxy_v1,sharpmod_toi_public_bins_experimental_v1,sharpmod_toi_public_anchor_probability_v1,complete,3,18,7,"0,3,6,9,12,15,18","0,3,6,9,12,15,18",nearest connected 0.5+ fixed-layer STP proxy region to sounding
severe-2020-06-08,severe,2020-06-07T06:00:00+00:00,2020,2020,18,48.124621845662915,-95.79456655421035,model_forecast_maximum_stp,300,56.00771289676454,61.71853708726816,183.61047081100062,327.4445806600118,5.93494390760902,6.5,6,4.49,0.8168,0,"NOAA NCEI Storm Events bulk CSV export d2015-d2025, files and SHA-256 in archive/ncei/ncei-source-manifest.json",1.0840363702422147,sharpmod_hrrr_toi_experimental_v4,noaa-hrrr-bdp-pds,sharpmod_fixed_layer_stp_proxy_v1,sharpmod_toi_public_bins_experimental_v1,sharpmod_toi_public_anchor_probability_v1,complete,3,18,7,"0,3,6,9,12,15,18","0,3,6,9,12,15,18",nearest connected 0.5+ fixed-layer STP proxy region to sounding
null-2019-03-07,null,2019-03-06T06:00:00+00:00,2019,2019,18,38.567690592208564,-108.88722366226705,model_forecast_maximum_stp,500,34.06739450305245,88.6845006594191,113.80849069115094,198.34503556441157,0.8927999999999999,1.0,3,3.63,0.1079,0,"NOAA NCEI Storm Events bulk CSV export d2015-d2025, files and SHA-256 in archive/ncei/ncei-source-manifest.json",1.0840363702422147,sharpmod_hrrr_toi_experimental_v4,noaa-hrrr-bdp-pds,sharpmod_fixed_layer_stp_proxy_v1,sharpmod_toi_public_bins_experimental_v1,sharpmod_toi_public_anchor_probability_v1,complete,3,18,7,"0,3,6,9,12,15,18","0,3,6,9,12,15,18",nearest connected 0.5+ fixed-layer STP proxy region to sounding
null-2024-08-01,null,2024-07-31T06:00:00+00:00,2024,2024,12,40.59789843584759,-91.71468011362509,model_forecast_maximum_stp,300,29.34205591405963,74.82492548413848,141.14908787643495,165.7536552354053,6.9009212771398465,6.5,7,2.77,0.1251,0,"NOAA NCEI Storm Events bulk CSV export d2015-d2025, files and SHA-256 in archive/ncei/ncei-source-manifest.json",1.0840363702422147,sharpmod_hrrr_toi_experimental_v4,noaa-hrrr-bdp-pds,sharpmod_fixed_layer_stp_proxy_v1,sharpmod_toi_public_bins_experimental_v1,sharpmod_toi_public_anchor_probability_v1,complete,3,18,7,"0,3,6,9,12,15,18","0,3,6,9,12,15,18",nearest connected 0.5+ fixed-layer STP proxy region to sounding
severe-2022-09-22,severe,2022-09-21T06:00:00+00:00,2022,2022,12,42.36977095546773,-79.6525195140515,model_forecast_maximum_stp,500,15.408014751479847,91.21028113008637,451.1978555045718,290.1090226373153,2.917650264332464,3.0,9,2.06,0.0103,0,"NOAA NCEI Storm Events bulk CSV export d2015-d2025, files and SHA-256 in archive/ncei/ncei-source-manifest.json",1.0840363702422147,sharpmod_hrrr_toi_experimental_v4,noaa-hrrr-bdp-pds,sharpmod_fixed_layer_stp_proxy_v1,sharpmod_toi_public_bins_experimental_v1,sharpmod_toi_public_anchor_probability_v1,complete,3,18,7,"0,3,6,9,12,15,18","0,3,6,9,12,15,18",nearest connected 0.5+ fixed-layer STP proxy region to sounding
null-2025-05-28,null,2025-05-27T06:00:00+00:00,2025,2025,12,30.604097209272325,-92.44042737270769,model_forecast_maximum_stp,500,31.09967117197534,54.38502870989848,634.1096595918673,341.4075192726113,2.7329711641757544,3.0,5,2.87,0.0499,0,"NOAA NCEI Storm Events bulk CSV export d2015-d2025, files and SHA-256 in archive/ncei/ncei-source-manifest.json",1.0840363702422147,sharpmod_hrrr_toi_experimental_v4,noaa-hrrr-bdp-pds,sharpmod_fixed_layer_stp_proxy_v1,sharpmod_toi_public_bins_experimental_v1,sharpmod_toi_public_anchor_probability_v1,complete,3,18,7,"0,3,6,9,12,15,18","0,3,6,9,12,15,18",nearest connected 0.5+ fixed-layer STP proxy region to sounding
outbreak-2019-03-14,outbreak,2019-03-13T06:00:00+00:00,2019,2019,18,30.636757194120428,-93.18500194661885,model_forecast_maximum_stp,500,20.976990769136922,121.53765590002911,453.3808792202775,306.3111440252832,6.206133333333334,6.5,3,2.42,0.0663,1,"NOAA NCEI Storm Events bulk CSV export d2015-d2025, files and SHA-256 in archive/ncei/ncei-source-manifest.json",0.51426978,sharpmod_hrrr_toi_experimental_v4,noaa-hrrr-bdp-pds,sharpmod_fixed_layer_stp_proxy_v1,sharpmod_toi_public_bins_experimental_v1,sharpmod_toi_public_anchor_probability_v1,complete,3,18,7,"0,3,6,9,12,15,18","0,3,6,9,12,15,18",nearest connected 0.5+ fixed-layer STP proxy region to sounding
severe-2016-03-15,severe,2016-03-14T06:00:00+00:00,2016,2016,12,30.31644737542066,-93.20295186554381,model_forecast_maximum_stp,500,13.97129060898788,63.788482508512246,91.97814654619593,352.73936471896434,4.123693999599209,4.5,3,1.56,0.01,0,"NOAA NCEI Storm Events bulk CSV export d2015-d2025, files and SHA-256 in archive/ncei/ncei-source-manifest.json",1.0840363702422147,sharpmod_hrrr_toi_experimental_v4,noaa-hrrr-bdp-pds,sharpmod_fixed_layer_stp_proxy_v1,sharpmod_toi_public_bins_experimental_v1,sharpmod_toi_public_anchor_probability_v1,degraded,3,15,6,"0,3,6,9,12,15,18","0,3,6,9,12,15",nearest connected 0.5+ fixed-layer STP proxy region to sounding
severe-2021-08-25,severe,2021-08-24T06:00:00+00:00,2021,2021,6,44.27115772674251,-95.44487347364469,model_forecast_maximum_stp,300,31.612349988835856,73.29183039393824,167.14419730661726,19.66628927978735,5.176667395470646,4.5,8,3.21,0.1478,0,"NOAA NCEI Storm Events bulk CSV export d2015-d2025, files and SHA-256 in archive/ncei/ncei-source-manifest.json",1.0840363702422147,sharpmod_hrrr_toi_experimental_v4,noaa-hrrr-bdp-pds,sharpmod_fixed_layer_stp_proxy_v1,sharpmod_toi_public_bins_experimental_v1,sharpmod_toi_public_anchor_probability_v1,complete,3,18,7,"0,3,6,9,12,15,18","0,3,6,9,12,15,18",nearest connected 0.5+ fixed-layer STP proxy region to sounding
severe-2023-07-06,severe,2023-07-05T06:00:00+00:00,2023,2023,18,36.84271850934073,-96.05679672292678,model_forecast_maximum_stp,300,27.191740342120042,58.28850255873851,349.8499860404643,305.6480940032881,1.8665029512215539,2.0,7,2.44,0.0155,0,"NOAA NCEI Storm Events bulk CSV export d2015-d2025, files and SHA-256 in archive/ncei/ncei-source-manifest.json",1.0840363702422147,sharpmod_hrrr_toi_experimental_v4,noaa-hrrr-bdp-pds,sharpmod_fixed_layer_stp_proxy_v1,sharpmod_toi_public_bins_experimental_v1,sharpmod_toi_public_anchor_probability_v1,complete,3,18,7,"0,3,6,9,12,15,18","0,3,6,9,12,15,18",nearest connected 0.5+ fixed-layer STP proxy region to sounding
severe-2022-04-17,severe,2022-04-16T06:00:00+00:00,2022,2022,6,32.936522353739285,-94.59328805677177,model_forecast_maximum_stp,500,11.45501673906157,59.511162665724335,278.10663314504296,22.000163072082614,3.919066639447269,4.5,4,1.35,0.01,0,"NOAA NCEI Storm Events bulk CSV export d2015-d2025, files and SHA-256 in archive/ncei/ncei-source-manifest.json",1.0840363702422147,sharpmod_hrrr_toi_experimental_v4,noaa-hrrr-bdp-pds,sharpmod_fixed_layer_stp_proxy_v1,sharpmod_toi_public_bins_experimental_v1,sharpmod_toi_public_anchor_probability_v1,complete,3,18,7,"0,3,6,9,12,15,18","0,3,6,9,12,15,18",nearest connected 0.5+ fixed-layer STP proxy region to sounding
null-2020-07-28,null,2020-07-27T06:00:00+00:00,2020,2020,12,45.089890216402566,-72.33509618732586,model_forecast_maximum_stp,300,10.28880566958844,60.55907308756324,44.44247847969431,101.89519597321458,1.3461461671167052,1.0,7,1.0,0.01,0,"NOAA NCEI Storm Events bulk CSV export d2015-d2025, files and SHA-256 in archive/ncei/ncei-source-manifest.json",1.0840363702422147,sharpmod_hrrr_toi_experimental_v4,noaa-hrrr-bdp-pds,sharpmod_fixed_layer_stp_proxy_v1,sharpmod_toi_public_bins_experimental_v1,sharpmod_toi_public_anchor_probability_v1,complete,3,18,7,"0,3,6,9,12,15,18","0,3,6,9,12,15,18",nearest connected 0.5+ fixed-layer STP proxy region to sounding
null-2024-03-18,null,2024-03-17T06:00:00+00:00,2024,2024,12,29.700829394530103,-80.61390332089644,model_forecast_maximum_stp,500,17.7659370673049,54.799328200343005,503.7008848805696,71.76643825530317,1.3280495056564798,1.0,3,1.74,0.01,0,"NOAA NCEI Storm Events bulk CSV export d2015-d2025, files and SHA-256 in archive/ncei/ncei-source-manifest.json",1.0840363702422147,sharpmod_hrrr_toi_experimental_v4,noaa-hrrr-bdp-pds,sharpmod_fixed_layer_stp_proxy_v1,sharpmod_toi_public_bins_experimental_v1,sharpmod_toi_public_anchor_probability_v1,complete,3,18,7,"0,3,6,9,12,15,18","0,3,6,9,12,15,18",nearest connected 0.5+ fixed-layer STP proxy region to sounding
null-2022-07-25,null,2022-07-24T06:00:00+00:00,2022,2022,6,41.40859383890458,-85.14723867371362,model_forecast_maximum_stp,300,6.733544451039361,64.18628105371143,230.94033958650817,128.67746724963388,5.368406154666038,4.5,7,0.7,0.01,0,"NOAA NCEI Storm Events bulk CSV export d2015-d2025, files and SHA-256 in archive/ncei/ncei-source-manifest.json",1.0840363702422147,sharpmod_hrrr_toi_experimental_v4,noaa-hrrr-bdp-pds,sharpmod_fixed_layer_stp_proxy_v1,sharpmod_toi_public_bins_experimental_v1,sharpmod_toi_public_anchor_probability_v1,complete,3,18,7,"0,3,6,9,12,15,18","0,3,6,9,12,15,18",nearest connected 0.5+ fixed-layer STP proxy region to sounding
null-2019-03-10,null,2019-03-09T06:00:00+00:00,2019,2019,6,32.86887305608307,-92.67593315800724,model_forecast_maximum_stp,500,35.883700939619565,104.38168783463968,419.3931170070464,335.50384014133874,5.047466666666667,4.5,3,3.7,0.3161,0,"NOAA NCEI Storm Events bulk CSV export d2015-d2025, files and SHA-256 in archive/ncei/ncei-source-manifest.json",1.0840363702422147,sharpmod_hrrr_toi_experimental_v4,noaa-hrrr-bdp-pds,sharpmod_fixed_layer_stp_proxy_v1,sharpmod_toi_public_bins_experimental_v1,sharpmod_toi_public_anchor_probability_v1,complete,3,18,7,"0,3,6,9,12,15,18","0,3,6,9,12,15,18",nearest connected 0.5+ fixed-layer STP proxy region to sounding
null-2023-08-31,null,2023-08-30T06:00:00+00:00,2023,2023,18,32.540583393444564,-79.98665465275025,model_forecast_maximum_stp,300,25.681919147478634,63.45705851624917,25.752751397672064,285.0830923443811,30.931466666666665,12.0,8,2.56,0.3827,0,"NOAA NCEI Storm Events bulk CSV export d2015-d2025, files and SHA-256 in archive/ncei/ncei-source-manifest.json",1.0840363702422147,sharpmod_hrrr_toi_experimental_v4,noaa-hrrr-bdp-pds,sharpmod_fixed_layer_stp_proxy_v1,sharpmod_toi_public_bins_experimental_v1,sharpmod_toi_public_anchor_probability_v1,complete,3,18,7,"0,3,6,9,12,15,18","0,3,6,9,12,15,18",nearest connected 0.5+ fixed-layer STP proxy region to sounding
null-2023-08-19,null,2023-08-18T06:00:00+00:00,2023,2023,18,45.243429735144154,-99.06642452019707,model_forecast_maximum_stp,300,12.16342616157263,115.96140220597788,240.25985225654682,29.43956562686793,3.065569580284452,3.0,8,1.67,0.01,0,"NOAA NCEI Storm Events bulk CSV export d2015-d2025, files and SHA-256 in archive/ncei/ncei-source-manifest.json",1.0840363702422147,sharpmod_hrrr_toi_experimental_v4,noaa-hrrr-bdp-pds,sharpmod_fixed_layer_stp_proxy_v1,sharpmod_toi_public_bins_experimental_v1,sharpmod_toi_public_anchor_probability_v1,complete,3,18,7,"0,3,6,9,12,15,18","0,3,6,9,12,15,18",nearest connected 0.5+ fixed-layer STP proxy region to sounding
null-2016-05-12,null,2016-05-11T06:00:00+00:00,2016,2016,6,27.526972030723602,-98.01387805047386,model_forecast_maximum_stp,500,14.141595833161363,55.2282367699948,1081.4965101435403,340.4889069360618,5.7902000000000005,6.5,5,1.58,0.0131,0,"NOAA NCEI Storm Events bulk CSV export d2015-d2025, files and SHA-256 in archive/ncei/ncei-source-manifest.json",1.0840363702422147,sharpmod_hrrr_toi_experimental_v4,noaa-hrrr-bdp-pds,sharpmod_fixed_layer_stp_proxy_v1,sharpmod_toi_public_bins_experimental_v1,sharpmod_toi_public_anchor_probability_v1,degraded,3,15,6,"0,3,6,9,12,15,18","0,3,6,9,12,15",nearest connected 0.5+ fixed-layer STP proxy region to sounding
severe-2025-02-16,severe,2025-02-15T06:00:00+00:00,2025,2025,18,32.790649794768754,-91.14498086925175,model_forecast_maximum_stp,500,7.5451882525412355,99.50025393929528,581.2965013190322,2.9032076151305546,2.8667200000000004,3.0,2,1.28,0.01,0,"NOAA NCEI Storm Events bulk CSV export d2015-d2025, files and SHA-256 in archive/ncei/ncei-source-manifest.json",1.0840363702422147,sharpmod_hrrr_toi_experimental_v4,noaa-hrrr-bdp-pds,sharpmod_fixed_layer_stp_proxy_v1,sharpmod_toi_public_bins_experimental_v1,sharpmod_toi_public_anchor_probability_v1,complete,3,18,7,"0,3,6,9,12,15,18","0,3,6,9,12,15,18",nearest connected 0.5+ fixed-layer STP proxy region to sounding
severe-2024-05-27,severe,2024-05-26T06:00:00+00:00,2024,2024,12,34.7217819268031,-90.98228013631268,model_forecast_maximum_stp,500,20.56508892231146,79.38153052934236,360.41468734754835,340.4253699958109,15.135466666666664,12.0,5,2.39,0.3062,0,"NOAA NCEI Storm Events bulk CSV export d2015-d2025, files and SHA-256 in archive/ncei/ncei-source-manifest.json",1.0840363702422147,sharpmod_hrrr_toi_experimental_v4,noaa-hrrr-bdp-pds,sharpmod_fixed_layer_stp_proxy_v1,sharpmod_toi_public_bins_experimental_v1,sharpmod_toi_public_anchor_probability_v1,complete,3,18,7,"0,3,6,9,12,15,18","0,3,6,9,12,15,18",nearest connected 0.5+ fixed-layer STP proxy region to sounding
null-2019-07-07,null,2019-07-06T06:00:00+00:00,2019,2019,12,41.52521038965843,-104.16926427080728,model_forecast_maximum_stp,300,28.016138009522827,57.6786981627113,36.86355979871274,330.22371910901353,3.244821670944434,3.0,7,2.51,0.0249,0,"NOAA NCEI Storm Events bulk CSV export d2015-d2025, files and SHA-256 in archive/ncei/ncei-source-manifest.json",1.0840363702422147,sharpmod_hrrr_toi_experimental_v4,noaa-hrrr-bdp-pds,sharpmod_fixed_layer_stp_proxy_v1,sharpmod_toi_public_bins_experimental_v1,sharpmod_toi_public_anchor_probability_v1,complete,3,18,7,"0,3,6,9,12,15,18","0,3,6,9,12,15,18",nearest connected 0.5+ fixed-layer STP proxy region to sounding
severe-2018-10-11,severe,2018-10-10T06:00:00+00:00,2018,2018,6,30.395874895654796,-83.1047313230003,model_forecast_maximum_stp,500,9.298510857176607,94.26183499535759,43.4944868538895,285.1630392387865,7.54626185490053,8.5,10,1.54,0.0237,0,"NOAA NCEI Storm Events bulk CSV export d2015-d2025, files and SHA-256 in archive/ncei/ncei-source-manifest.json",1.0840363702422147,sharpmod_hrrr_toi_experimental_v4,noaa-hrrr-bdp-pds,sharpmod_fixed_layer_stp_proxy_v1,sharpmod_toi_public_bins_experimental_v1,sharpmod_toi_public_anchor_probability_v1,complete,3,18,7,"0,3,6,9,12,15,18","0,3,6,9,12,15,18",nearest connected 0.5+ fixed-layer STP proxy region to sounding
severe-2020-09-25,severe,2020-09-24T06:00:00+00:00,2020,2020,18,31.150852100508764,-86.75423662006284,model_forecast_maximum_stp,500,20.172341019112505,52.35720524912579,391.4902876153762,34.338804679514,1.998971372636265,2.0,9,1.94,0.01,0,"NOAA NCEI Storm Events bulk CSV export d2015-d2025, files and SHA-256 in archive/ncei/ncei-source-manifest.json",1.0840363702422147,sharpmod_hrrr_toi_experimental_v4,noaa-hrrr-bdp-pds,sharpmod_fixed_layer_stp_proxy_v1,sharpmod_toi_public_bins_experimental_v1,sharpmod_toi_public_anchor_probability_v1,complete,3,18,7,"0,3,6,9,12,15,18","0,3,6,9,12,15,18",nearest connected 0.5+ fixed-layer STP proxy region to sounding
severe-2018-01-22,severe,2018-01-21T06:00:00+00:00,2018,2018,12,32.63887905254228,-95.7523132129287,model_forecast_maximum_stp,500,10.050612495461728,100.03577403416638,519.156702795776,282.014834635208,1.7729268743532882,2.0,1,1.49,0.01,0,"NOAA NCEI Storm Events bulk CSV export d2015-d2025, files and SHA-256 in archive/ncei/ncei-source-manifest.json",1.0840363702422147,sharpmod_hrrr_toi_experimental_v4,noaa-hrrr-bdp-pds,sharpmod_fixed_layer_stp_proxy_v1,sharpmod_toi_public_bins_experimental_v1,sharpmod_toi_public_anchor_probability_v1,complete,3,18,7,"0,3,6,9,12,15,18","0,3,6,9,12,15,18",nearest connected 0.5+ fixed-layer STP proxy region to sounding
null-2020-03-10,null,2020-03-09T06:00:00+00:00,2020,2020,18,34.55863977464071,-94.92336976899782,model_forecast_maximum_stp,500,20.943242174897907,73.64540496905455,86.42591760204024,150.16046889929356,2.687787703009949,3.0,3,2.31,0.0169,0,"NOAA NCEI Storm Events bulk CSV export d2015-d2025, files and SHA-256 in archive/ncei/ncei-source-manifest.json",1.0840363702422147,sharpmod_hrrr_toi_experimental_v4,noaa-hrrr-bdp-pds,sharpmod_fixed_layer_stp_proxy_v1,sharpmod_toi_public_bins_experimental_v1,sharpmod_toi_public_anchor_probability_v1,complete,3,18,7,"0,3,6,9,12,15,18","0,3,6,9,12,15,18",nearest connected 0.5+ fixed-layer STP proxy region to sounding
outbreak-2015-04-09,outbreak,2015-04-08T06:00:00+00:00,2015,2015,6,37.45801322319941,-94.41362671987417,model_forecast_maximum_stp,500,13.66716397069814,77.44301440322435,521.4325421619446,295.09901399847826,6.826776024835082,6.5,4,1.8,0.0201,1,"NOAA NCEI Storm Events bulk CSV export d2015-d2025, files and SHA-256 in archive/ncei/ncei-source-manifest.json",0.51426978,sharpmod_hrrr_toi_experimental_v4,noaa-hrrr-bdp-pds,sharpmod_fixed_layer_stp_proxy_v1,sharpmod_toi_public_bins_experimental_v1,sharpmod_toi_public_anchor_probability_v1,degraded,3,15,6,"0,3,6,9,12,15,18","0,3,6,9,12,15",nearest connected 0.5+ fixed-layer STP proxy region to sounding
null-2024-08-20,null,2024-08-19T06:00:00+00:00,2024,2024,18,46.8687784339912,-106.61409955384431,model_forecast_maximum_stp,300,28.957710963458712,58.350354441102425,331.37809756112244,246.08306488423176,2.0033072927887536,2.0,8,2.84,0.0339,0,"NOAA NCEI Storm Events bulk CSV export d2015-d2025, files and SHA-256 in archive/ncei/ncei-source-manifest.json",1.0840363702422147,sharpmod_hrrr_toi_experimental_v4,noaa-hrrr-bdp-pds,sharpmod_fixed_layer_stp_proxy_v1,sharpmod_toi_public_bins_experimental_v1,sharpmod_toi_public_anchor_probability_v1,complete,3,18,7,"0,3,6,9,12,15,18","0,3,6,9,12,15,18",nearest connected 0.5+ fixed-layer STP proxy region to sounding
null-2022-07-21,null,2022-07-20T06:00:00+00:00,2022,2022,18,41.12231266354823,-82.59422741817127,model_forecast_maximum_stp,300,14.770984659086809,69.1408567323657,306.85450905995793,49.994046407616054,2.880075436321566,3.0,7,1.53,0.01,0,"NOAA NCEI Storm Events bulk CSV export d2015-d2025, files and SHA-256 in archive/ncei/ncei-source-manifest.json",1.0840363702422147,sharpmod_hrrr_toi_experimental_v4,noaa-hrrr-bdp-pds,sharpmod_fixed_layer_stp_proxy_v1,sharpmod_toi_public_bins_experimental_v1,sharpmod_toi_public_anchor_probability_v1,complete,3,18,7,"0,3,6,9,12,15,18","0,3,6,9,12,15,18",nearest connected 0.5+ fixed-layer STP proxy region to sounding
null-2021-03-21,null,2021-03-20T06:00:00+00:00,2021,2021,12,43.180604009189366,-103.44682916524886,model_forecast_maximum_stp,500,21.19412287025015,52.79296151674474,494.20660137408964,336.0207348466579,1.334210518506089,1.0,3,2.03,0.01,0,"NOAA NCEI Storm Events bulk CSV export d2015-d2025, files and SHA-256 in archive/ncei/ncei-source-manifest.json",1.0840363702422147,sharpmod_hrrr_toi_experimental_v4,noaa-hrrr-bdp-pds,sharpmod_fixed_layer_stp_proxy_v1,sharpmod_toi_public_bins_experimental_v1,sharpmod_toi_public_anchor_probability_v1,complete,3,18,7,"0,3,6,9,12,15,18","0,3,6,9,12,15,18",nearest connected 0.5+ fixed-layer STP proxy region to sounding
null-2020-06-05,null,2020-06-04T06:00:00+00:00,2020,2020,6,36.82972799961011,-95.24829162010593,model_forecast_maximum_stp,300,4.2148864799236385,63.84636585260952,251.72312465424434,4.429800718988417,3.7817063400878155,4.5,6,0.73,0.01,0,"NOAA NCEI Storm Events bulk CSV export d2015-d2025, files and SHA-256 in archive/ncei/ncei-source-manifest.json",1.0840363702422147,sharpmod_hrrr_toi_experimental_v4,noaa-hrrr-bdp-pds,sharpmod_fixed_layer_stp_proxy_v1,sharpmod_toi_public_bins_experimental_v1,sharpmod_toi_public_anchor_probability_v1,complete,3,18,7,"0,3,6,9,12,15,18","0,3,6,9,12,15,18",nearest connected 0.5+ fixed-layer STP proxy region to sounding
severe-2023-05-10,severe,2023-05-09T06:00:00+00:00,2023,2023,18,40.0580332106739,-100.21960074109478,model_forecast_maximum_stp,500,40.98348672547559,53.455531683882846,234.9200299652622,59.54633892095001,2.62912,3.0,5,3.55,0.1699,0,"NOAA NCEI Storm Events bulk CSV export d2015-d2025, files and SHA-256 in archive/ncei/ncei-source-manifest.json",1.0840363702422147,sharpmod_hrrr_toi_experimental_v4,noaa-hrrr-bdp-pds,sharpmod_fixed_layer_stp_proxy_v1,sharpmod_toi_public_bins_experimental_v1,sharpmod_toi_public_anchor_probability_v1,complete,3,18,7,"0,3,6,9,12,15,18","0,3,6,9,12,15,18",nearest connected 0.5+ fixed-layer STP proxy region to sounding
outbreak-2022-04-12,outbreak,2022-04-11T06:00:00+00:00,2022,2022,18,34.81889355345399,-92.945234905804,model_forecast_maximum_stp,500,25.623322824071508,53.64041794994519,669.984422195239,5.6221517588488155,5.350223833006759,4.5,4,2.4,0.0332,1,"NOAA NCEI Storm Events bulk CSV export d2015-d2025, files and SHA-256 in archive/ncei/ncei-source-manifest.json",0.51426978,sharpmod_hrrr_toi_experimental_v4,noaa-hrrr-bdp-pds,sharpmod_fixed_layer_stp_proxy_v1,sharpmod_toi_public_bins_experimental_v1,sharpmod_toi_public_anchor_probability_v1,complete,3,18,7,"0,3,6,9,12,15,18","0,3,6,9,12,15,18",nearest connected 0.5+ fixed-layer STP proxy region to sounding
outbreak-2024-05-19,outbreak,2024-05-18T06:00:00+00:00,2024,2024,18,31.358234299061344,-98.79107386774649,model_forecast_maximum_stp,500,17.451749079103806,87.714076650471,760.5278433183096,94.90819426579941,1.325240668936078,1.0,5,2.23,0.01,1,"NOAA NCEI Storm Events bulk CSV export d2015-d2025, files and SHA-256 in archive/ncei/ncei-source-manifest.json",0.51426978,sharpmod_hrrr_toi_experimental_v4,noaa-hrrr-bdp-pds,sharpmod_fixed_layer_stp_proxy_v1,sharpmod_toi_public_bins_experimental_v1,sharpmod_toi_public_anchor_probability_v1,complete,3,18,7,"0,3,6,9,12,15,18","0,3,6,9,12,15,18",nearest connected 0.5+ fixed-layer STP proxy region to sounding
severe-2025-09-24,severe,2025-09-23T06:00:00+00:00,2025,2025,6,35.86658158355067,-95.67653883583876,model_forecast_maximum_stp,500,13.367302037416165,51.40771253405783,1133.1863223501873,285.9963029118695,5.093830730394211,4.5,9,1.36,0.01,0,"NOAA NCEI Storm Events bulk CSV export d2015-d2025, files and SHA-256 in archive/ncei/ncei-source-manifest.json",1.0840363702422147,sharpmod_hrrr_toi_experimental_v4,noaa-hrrr-bdp-pds,sharpmod_fixed_layer_stp_proxy_v1,sharpmod_toi_public_bins_experimental_v1,sharpmod_toi_public_anchor_probability_v1,complete,3,18,7,"0,3,6,9,12,15,18","0,3,6,9,12,15,18",nearest connected 0.5+ fixed-layer STP proxy region to sounding
null-2023-07-23,null,2023-07-22T06:00:00+00:00,2023,2023,6,30.6825923375286,-88.6939070861298,model_forecast_maximum_stp,300,13.096375896425675,84.75027081532143,709.6378614506051,15.04368800182641,2.89617896598619,3.0,7,1.5,0.01,0,"NOAA NCEI Storm Events bulk CSV export d2015-d2025, files and SHA-256 in archive/ncei/ncei-source-manifest.json",1.0840363702422147,sharpmod_hrrr_toi_experimental_v4,noaa-hrrr-bdp-pds,sharpmod_fixed_layer_stp_proxy_v1,sharpmod_toi_public_bins_experimental_v1,sharpmod_toi_public_anchor_probability_v1,complete,3,18,7,"0,3,6,9,12,15,18","0,3,6,9,12,15,18",nearest connected 0.5+ fixed-layer STP proxy region to sounding
severe-2025-09-12,severe,2025-09-11T06:00:00+00:00,2025,2025,18,47.47241506560493,-100.06827360045901,model_forecast_maximum_stp,500,5.663961996169217,51.829373241556,971.8016552824579,228.70478755356282,2.454819463697319,2.0,9,0.71,0.01,0,"NOAA NCEI Storm Events bulk CSV export d2015-d2025, files and SHA-256 in archive/ncei/ncei-source-manifest.json",1.0840363702422147,sharpmod_hrrr_toi_experimental_v4,noaa-hrrr-bdp-pds,sharpmod_fixed_layer_stp_proxy_v1,sharpmod_toi_public_bins_experimental_v1,sharpmod_toi_public_anchor_probability_v1,complete,3,18,7,"0,3,6,9,12,15,18","0,3,6,9,12,15,18",nearest connected 0.5+ fixed-layer STP proxy region to sounding
outbreak-2015-05-09,outbreak,2015-05-08T06:00:00+00:00,2015,2015,12,33.61590406197541,-98.4423425251021,model_forecast_maximum_stp,500,37.592998169992164,57.3701455502681,210.76758887616495,3.5237872142791957,8.61692950152007,8.5,5,3.56,0.5796,1,"NOAA NCEI Storm Events bulk CSV export d2015-d2025, files and SHA-256 in archive/ncei/ncei-source-manifest.json",0.51426978,sharpmod_hrrr_toi_experimental_v4,noaa-hrrr-bdp-pds,sharpmod_fixed_layer_stp_proxy_v1,sharpmod_toi_public_bins_experimental_v1,sharpmod_toi_public_anchor_probability_v1,degraded,3,15,6,"0,3,6,9,12,15,18","0,3,6,9,12,15",nearest connected 0.5+ fixed-layer STP proxy region to sounding
outbreak-2021-05-04,outbreak,2021-05-03T06:00:00+00:00,2021,2021,6,33.33328561239341,-89.55151543494048,model_forecast_maximum_stp,500,7.221373325716628,54.48333082085501,497.91753080114825,53.78571763589326,4.261833333333334,4.5,5,0.84,0.01,1,"NOAA NCEI Storm Events bulk CSV export d2015-d2025, files and SHA-256 in archive/ncei/ncei-source-manifest.json",0.51426978,sharpmod_hrrr_toi_experimental_v4,noaa-hrrr-bdp-pds,sharpmod_fixed_layer_stp_proxy_v1,sharpmod_toi_public_bins_experimental_v1,sharpmod_toi_public_anchor_probability_v1,complete,3,18,7,"0,3,6,9,12,15,18","0,3,6,9,12,15,18",nearest connected 0.5+ fixed-layer STP proxy region to sounding
outbreak-2021-03-27,outbreak,2021-03-26T06:00:00+00:00,2021,2021,18,42.91557688403094,-73.16812792968199,model_forecast_maximum_stp,500,26.506671838670727,51.30012079776971,273.5155340288096,358.8001562478611,3.152560445621103,3.0,3,2.48,0.0235,1,"NOAA NCEI Storm Events bulk CSV export d2015-d2025, files and SHA-256 in archive/ncei/ncei-source-manifest.json",0.51426978,sharpmod_hrrr_toi_experimental_v4,noaa-hrrr-bdp-pds,sharpmod_fixed_layer_stp_proxy_v1,sharpmod_toi_public_bins_experimental_v1,sharpmod_toi_public_anchor_probability_v1,complete,3,18,7,"0,3,6,9,12,15,18","0,3,6,9,12,15,18",nearest connected 0.5+ fixed-layer STP proxy region to sounding
outbreak-2017-04-05,outbreak,2017-04-04T06:00:00+00:00,2017,2017,6,36.463416921404594,-93.64934775553206,model_forecast_maximum_stp,500,12.25401323755407,57.44276367066049,93.78921621488118,253.53134425937316,5.357733333333334,4.5,4,1.42,0.01,1,"NOAA NCEI Storm Events bulk CSV export d2015-d2025, files and SHA-256 in archive/ncei/ncei-source-manifest.json",0.51426978,sharpmod_hrrr_toi_experimental_v4,noaa-hrrr-bdp-pds,sharpmod_fixed_layer_stp_proxy_v1,sharpmod_toi_public_bins_experimental_v1,sharpmod_toi_public_anchor_probability_v1,complete,3,18,7,"0,3,6,9,12,15,18","0,3,6,9,12,15,18",nearest connected 0.5+ fixed-layer STP proxy region to sounding
severe-2020-07-14,severe,2020-07-13T06:00:00+00:00,2020,2020,18,36.526740501959445,-98.07622930182833,model_forecast_maximum_stp,300,7.75935427448801,69.96215675594524,37.769531432747414,312.34628726039557,6.832536277013944,6.5,7,0.93,0.01,0,"NOAA NCEI Storm Events bulk CSV export d2015-d2025, files and SHA-256 in archive/ncei/ncei-source-manifest.json",1.0840363702422147,sharpmod_hrrr_toi_experimental_v4,noaa-hrrr-bdp-pds,sharpmod_fixed_layer_stp_proxy_v1,sharpmod_toi_public_bins_experimental_v1,sharpmod_toi_public_anchor_probability_v1,complete,3,18,7,"0,3,6,9,12,15,18","0,3,6,9,12,15,18",nearest connected 0.5+ fixed-layer STP proxy region to sounding
outbreak-2020-01-11,outbreak,2020-01-10T06:00:00+00:00,2020,2020,6,32.31018001825084,-95.37873220628472,model_forecast_maximum_stp,500,29.132192103015658,58.993092585118056,78.63601344137862,182.29729023064985,4.8096,4.5,1,2.85,0.0779,1,"NOAA NCEI Storm Events bulk CSV export d2015-d2025, files and SHA-256 in archive/ncei/ncei-source-manifest.json",0.51426978,sharpmod_hrrr_toi_experimental_v4,noaa-hrrr-bdp-pds,sharpmod_fixed_layer_stp_proxy_v1,sharpmod_toi_public_bins_experimental_v1,sharpmod_toi_public_anchor_probability_v1,complete,3,18,7,"0,3,6,9,12,15,18","0,3,6,9,12,15,18",nearest connected 0.5+ fixed-layer STP proxy region to sounding
severe-2024-07-13,severe,2024-07-12T06:00:00+00:00,2024,2024,12,46.52704385388229,-99.09812971023467,model_forecast_maximum_stp,300,37.663231033861905,51.67726661796636,455.3339856949532,328.41486941661094,4.11796,4.5,7,3.2,0.1453,0,"NOAA NCEI Storm Events bulk CSV export d2015-d2025, files and SHA-256 in archive/ncei/ncei-source-manifest.json",1.0840363702422147,sharpmod_hrrr_toi_experimental_v4,noaa-hrrr-bdp-pds,sharpmod_fixed_layer_stp_proxy_v1,sharpmod_toi_public_bins_experimental_v1,sharpmod_toi_public_anchor_probability_v1,complete,3,18,7,"0,3,6,9,12,15,18","0,3,6,9,12,15,18",nearest connected 0.5+ fixed-layer STP proxy region to sounding
null-2021-04-30,null,2021-04-29T06:00:00+00:00,2021,2021,12,29.414740822005037,-95.08781162326079,model_forecast_maximum_stp,500,7.804289139855347,53.537345489924846,243.68257569702226,15.357999791937345,4.539008534160659,4.5,4,0.89,0.01,0,"NOAA NCEI Storm Events bulk CSV export d2015-d2025, files and SHA-256 in archive/ncei/ncei-source-manifest.json",1.0840363702422147,sharpmod_hrrr_toi_experimental_v4,noaa-hrrr-bdp-pds,sharpmod_fixed_layer_stp_proxy_v1,sharpmod_toi_public_bins_experimental_v1,sharpmod_toi_public_anchor_probability_v1,complete,3,18,7,"0,3,6,9,12,15,18","0,3,6,9,12,15,18",nearest connected 0.5+ fixed-layer STP proxy region to sounding
severe-2021-09-07,severe,2021-09-06T06:00:00+00:00,2021,2021,12,45.25085240405257,-96.78369423523105,model_forecast_maximum_stp,500,9.969785795440695,70.93624879339723,774.7650705363593,299.620858018763,2.580784641962404,3.0,9,1.37,0.01,0,"NOAA NCEI Storm Events bulk CSV export d2015-d2025, files and SHA-256 in archive/ncei/ncei-source-manifest.json",1.0840363702422147,sharpmod_hrrr_toi_experimental_v4,noaa-hrrr-bdp-pds,sharpmod_fixed_layer_stp_proxy_v1,sharpmod_toi_public_bins_experimental_v1,sharpmod_toi_public_anchor_probability_v1,complete,3,18,7,"0,3,6,9,12,15,18","0,3,6,9,12,15,18",nearest connected 0.5+ fixed-layer STP proxy region to sounding
outbreak-2025-06-17,outbreak,2025-06-16T06:00:00+00:00,2025,2025,18,44.885817542582785,-94.0628618113738,model_forecast_maximum_stp,300,36.53296530586713,63.759995633569424,157.94593755185406,314.2675615900306,5.099874191638005,4.5,6,3.53,0.2476,1,"NOAA NCEI Storm Events bulk CSV export d2015-d2025, files and SHA-256 in archive/ncei/ncei-source-manifest.json",0.51426978,sharpmod_hrrr_toi_experimental_v4,noaa-hrrr-bdp-pds,sharpmod_fixed_layer_stp_proxy_v1,sharpmod_toi_public_bins_experimental_v1,sharpmod_toi_public_anchor_probability_v1,complete,3,18,7,"0,3,6,9,12,15,18","0,3,6,9,12,15,18",nearest connected 0.5+ fixed-layer STP proxy region to sounding
severe-2024-04-17,severe,2024-04-16T06:00:00+00:00,2024,2024,12,37.06266948697282,-92.39970923580091,model_forecast_maximum_stp,500,20.317243552970485,103.95211815684996,196.50600192377996,333.0023907493886,9.413533333333334,8.5,4,2.36,0.1112,0,"NOAA NCEI Storm Events bulk CSV export d2015-d2025, files and SHA-256 in archive/ncei/ncei-source-manifest.json",1.0840363702422147,sharpmod_hrrr_toi_experimental_v4,noaa-hrrr-bdp-pds,sharpmod_fixed_layer_stp_proxy_v1,sharpmod_toi_public_bins_experimental_v1,sharpmod_toi_public_anchor_probability_v1,complete,3,18,7,"0,3,6,9,12,15,18","0,3,6,9,12,15,18",nearest connected 0.5+ fixed-layer STP proxy region to sounding
severe-2019-07-03,severe,2019-07-02T06:00:00+00:00,2019,2019,18,45.266227749611375,-68.44632207643679,model_forecast_maximum_stp,300,5.6226038177515,100.69120801110502,310.5578686061588,251.07364546567993,1.9566099059981434,2.0,7,0.87,0.01,0,"NOAA NCEI Storm Events bulk CSV export d2015-d2025, files and SHA-256 in archive/ncei/ncei-source-manifest.json",1.0840363702422147,sharpmod_hrrr_toi_experimental_v4,noaa-hrrr-bdp-pds,sharpmod_fixed_layer_stp_proxy_v1,sharpmod_toi_public_bins_experimental_v1,sharpmod_toi_public_anchor_probability_v1,complete,3,18,7,"0,3,6,9,12,15,18","0,3,6,9,12,15,18",nearest connected 0.5+ fixed-layer STP proxy region to sounding
outbreak-2022-05-04,outbreak,2022-05-03T06:00:00+00:00,2022,2022,6,29.758479826804447,-98.39649400929648,model_forecast_maximum_stp,500,46.91483894722728,61.88450743572896,985.799437278905,18.369483518798745,3.6053627071871084,4.5,5,2.89,0.0838,1,"NOAA NCEI Storm Events bulk CSV export d2015-d2025, files and SHA-256 in archive/ncei/ncei-source-manifest.json",0.51426978,sharpmod_hrrr_toi_experimental_v4,noaa-hrrr-bdp-pds,sharpmod_fixed_layer_stp_proxy_v1,sharpmod_toi_public_bins_experimental_v1,sharpmod_toi_public_anchor_probability_v1,complete,3,18,7,"0,3,6,9,12,15,18","0,3,6,9,12,15,18",nearest connected 0.5+ fixed-layer STP proxy region to sounding
null-2022-07-10,null,2022-07-09T06:00:00+00:00,2022,2022,6,44.20199451652124,-102.18873134964042,model_forecast_maximum_stp,300,25.232111059960303,55.51375892717545,73.70333083751004,187.03666945534027,9.931807411193349,10.5,7,2.27,0.1718,0,"NOAA NCEI Storm Events bulk CSV export d2015-d2025, files and SHA-256 in archive/ncei/ncei-source-manifest.json",1.0840363702422147,sharpmod_hrrr_toi_experimental_v4,noaa-hrrr-bdp-pds,sharpmod_fixed_layer_stp_proxy_v1,sharpmod_toi_public_bins_experimental_v1,sharpmod_toi_public_anchor_probability_v1,complete,3,18,7,"0,3,6,9,12,15,18","0,3,6,9,12,15,18",nearest connected 0.5+ fixed-layer STP proxy region to sounding
null-2024-07-11,null,2024-07-10T06:00:00+00:00,2024,2024,12,43.319031428340274,-75.30816292582409,model_forecast_maximum_stp,300,1.7842343415781596,109.5927755210557,473.91348199186746,31.6996276953671,3.2375999999999996,3.0,7,0.54,0.01,0,"NOAA NCEI Storm Events bulk CSV export d2015-d2025, files and SHA-256 in archive/ncei/ncei-source-manifest.json",1.0840363702422147,sharpmod_hrrr_toi_experimental_v4,noaa-hrrr-bdp-pds,sharpmod_fixed_layer_stp_proxy_v1,sharpmod_toi_public_bins_experimental_v1,sharpmod_toi_public_anchor_probability_v1,complete,3,18,7,"0,3,6,9,12,15,18","0,3,6,9,12,15,18",nearest connected 0.5+ fixed-layer STP proxy region to sounding
severe-2021-12-18,severe,2021-12-17T06:00:00+00:00,2021,2021,18,34.24415115136747,-95.32472639769003,model_forecast_maximum_stp,500,37.397735676078156,55.54843944223528,302.17001844128424,261.5747680913261,3.596061755967372,4.5,12,3.56,0.2589,0,"NOAA NCEI Storm Events bulk CSV export d2015-d2025, files and SHA-256 in archive/ncei/ncei-source-manifest.json",1.0840363702422147,sharpmod_hrrr_toi_experimental_v4,noaa-hrrr-bdp-pds,sharpmod_fixed_layer_stp_proxy_v1,sharpmod_toi_public_bins_experimental_v1,sharpmod_toi_public_anchor_probability_v1,complete,3,18,7,"0,3,6,9,12,15,18","0,3,6,9,12,15,18",nearest connected 0.5+ fixed-layer STP proxy region to sounding
severe-2023-07-15,severe,2023-07-14T06:00:00+00:00,2023,2023,6,34.90683848838103,-96.48782325623415,model_forecast_maximum_stp,300,21.145082960466222,60.94269531576783,183.10017137303285,80.47367594649143,5.37647808517132,4.5,7,1.92,0.013,0,"NOAA NCEI Storm Events bulk CSV export d2015-d2025, files and SHA-256 in archive/ncei/ncei-source-manifest.json",1.0840363702422147,sharpmod_hrrr_toi_experimental_v4,noaa-hrrr-bdp-pds,sharpmod_fixed_layer_stp_proxy_v1,sharpmod_toi_public_bins_experimental_v1,sharpmod_toi_public_anchor_probability_v1,complete,3,18,7,"0,3,6,9,12,15,18","0,3,6,9,12,15,18",nearest connected 0.5+ fixed-layer STP proxy region to sounding
null-2022-08-09,null,2022-08-08T06:00:00+00:00,2022,2022,6,43.69853119786396,-79.74636499853568,model_forecast_maximum_stp,300,9.430399216330652,100.97801046421135,472.6753535246243,31.713566823701626,1.538436315954025,2.0,8,1.44,0.01,0,"NOAA NCEI Storm Events bulk CSV export d2015-d2025, files and SHA-256 in archive/ncei/ncei-source-manifest.json",1.0840363702422147,sharpmod_hrrr_toi_experimental_v4,noaa-hrrr-bdp-pds,sharpmod_fixed_layer_stp_proxy_v1,sharpmod_toi_public_bins_experimental_v1,sharpmod_toi_public_anchor_probability_v1,complete,3,18,7,"0,3,6,9,12,15,18","0,3,6,9,12,15,18",nearest connected 0.5+ fixed-layer STP proxy region to sounding
severe-2019-04-28,severe,2019-04-27T06:00:00+00:00,2019,2019,18,36.07507767380964,-92.06662193194114,model_forecast_maximum_stp,500,16.42184801465291,102.71479888592332,541.7366753274073,18.642786638843575,2.3662822263870456,2.0,4,2.03,0.01,0,"NOAA NCEI Storm Events bulk CSV export d2015-d2025, files and SHA-256 in archive/ncei/ncei-source-manifest.json",1.0840363702422147,sharpmod_hrrr_toi_experimental_v4,noaa-hrrr-bdp-pds,sharpmod_fixed_layer_stp_proxy_v1,sharpmod_toi_public_bins_experimental_v1,sharpmod_toi_public_anchor_probability_v1,complete,3,18,7,"0,3,6,9,12,15,18","0,3,6,9,12,15,18",nearest connected 0.5+ fixed-layer STP proxy region to sounding
severe-2018-08-19,severe,2018-08-18T06:00:00+00:00,2018,2018,18,33.88194783312688,-101.16707757408778,model_forecast_maximum_stp,300,14.83605852748876,59.38223618134754,383.2830220116735,340.529451978753,1.0834536513585311,1.0,8,1.64,0.01,0,"NOAA NCEI Storm Events bulk CSV export d2015-d2025, files and SHA-256 in archive/ncei/ncei-source-manifest.json",1.0840363702422147,sharpmod_hrrr_toi_experimental_v4,noaa-hrrr-bdp-pds,sharpmod_fixed_layer_stp_proxy_v1,sharpmod_toi_public_bins_experimental_v1,sharpmod_toi_public_anchor_probability_v1,complete,3,18,7,"0,3,6,9,12,15,18","0,3,6,9,12,15,18",nearest connected 0.5+ fixed-layer STP proxy region to sounding
null-2023-03-10,null,2023-03-09T06:00:00+00:00,2023,2023,18,31.961735293068536,-88.54901164679819,model_forecast_maximum_stp,500,18.369103065311947,88.91468287931737,166.03582818240943,359.04374009557813,1.7686386659550055,2.0,3,2.31,0.012,0,"NOAA NCEI Storm Events bulk CSV export d2015-d2025, files and SHA-256 in archive/ncei/ncei-source-manifest.json",1.0840363702422147,sharpmod_hrrr_toi_experimental_v4,noaa-hrrr-bdp-pds,sharpmod_fixed_layer_stp_proxy_v1,sharpmod_toi_public_bins_experimental_v1,sharpmod_toi_public_anchor_probability_v1,complete,3,18,7,"0,3,6,9,12,15,18","0,3,6,9,12,15,18",nearest connected 0.5+ fixed-layer STP proxy region to sounding
severe-2019-08-08,severe,2019-08-07T06:00:00+00:00,2019,2019,6,37.818039626258056,-96.4472647352485,model_forecast_maximum_stp,300,10.937900580738692,71.68786256272728,270.3892064138515,129.09725012013564,6.936613333333333,6.5,8,1.45,0.0101,0,"NOAA NCEI Storm Events bulk CSV export d2015-d2025, files and SHA-256 in archive/ncei/ncei-source-manifest.json",1.0840363702422147,sharpmod_hrrr_toi_experimental_v4,noaa-hrrr-bdp-pds,sharpmod_fixed_layer_stp_proxy_v1,sharpmod_toi_public_bins_experimental_v1,sharpmod_toi_public_anchor_probability_v1,complete,3,18,7,"0,3,6,9,12,15,18","0,3,6,9,12,15,18",nearest connected 0.5+ fixed-layer STP proxy region to sounding
null-2025-08-22,null,2025-08-21T06:00:00+00:00,2025,2025,6,46.512674581526404,-100.02929829636918,model_forecast_maximum_stp,300,33.86683253090269,55.78090067977043,32.881572866566245,223.54344858421396,5.430624425621482,4.5,8,3.25,0.1582,0,"NOAA NCEI Storm Events bulk CSV export d2015-d2025, files and SHA-256 in archive/ncei/ncei-source-manifest.json",1.0840363702422147,sharpmod_hrrr_toi_experimental_v4,noaa-hrrr-bdp-pds,sharpmod_fixed_layer_stp_proxy_v1,sharpmod_toi_public_bins_experimental_v1,sharpmod_toi_public_anchor_probability_v1,complete,3,18,7,"0,3,6,9,12,15,18","0,3,6,9,12,15,18",nearest connected 0.5+ fixed-layer STP proxy region to sounding
severe-2025-05-17,severe,2025-05-16T06:00:00+00:00,2025,2025,12,35.81440205247965,-88.08433550134163,model_forecast_maximum_stp,500,11.910692141993385,87.62775742214964,421.24094131913193,330.1487701663725,12.900666666666668,12.0,5,1.76,0.1112,0,"NOAA NCEI Storm Events bulk CSV export d2015-d2025, files and SHA-256 in archive/ncei/ncei-source-manifest.json",1.0840363702422147,sharpmod_hrrr_toi_experimental_v4,noaa-hrrr-bdp-pds,sharpmod_fixed_layer_stp_proxy_v1,sharpmod_toi_public_bins_experimental_v1,sharpmod_toi_public_anchor_probability_v1,complete,3,18,7,"0,3,6,9,12,15,18","0,3,6,9,12,15,18",nearest connected 0.5+ fixed-layer STP proxy region to sounding
severe-2020-01-14,severe,2020-01-13T06:00:00+00:00,2020,2020,6,27.528042841092937,-97.29593594250957,model_forecast_maximum_stp,500,1.7368715117054176,87.64115270373956,949.9479551930165,350.57505155749345,1.6562653172137742,2.0,1,0.9,0.01,0,"NOAA NCEI Storm Events bulk CSV export d2015-d2025, files and SHA-256 in archive/ncei/ncei-source-manifest.json",1.0840363702422147,sharpmod_hrrr_toi_experimental_v4,noaa-hrrr-bdp-pds,sharpmod_fixed_layer_stp_proxy_v1,sharpmod_toi_public_bins_experimental_v1,sharpmod_toi_public_anchor_probability_v1,complete,3,18,7,"0,3,6,9,12,15,18","0,3,6,9,12,15,18",nearest connected 0.5+ fixed-layer STP proxy region to sounding
severe-2022-08-20,severe,2022-08-19T06:00:00+00:00,2022,2022,18,38.14639166489391,-97.6774696992727,model_forecast_maximum_stp,300,18.761792002068947,57.34131904439852,37.79022939766445,308.49175338249756,2.0069333333333335,2.0,8,1.97,0.01,0,"NOAA NCEI Storm Events bulk CSV export d2015-d2025, files and SHA-256 in archive/ncei/ncei-source-manifest.json",1.0840363702422147,sharpmod_hrrr_toi_experimental_v4,noaa-hrrr-bdp-pds,sharpmod_fixed_layer_stp_proxy_v1,sharpmod_toi_public_bins_experimental_v1,sharpmod_toi_public_anchor_probability_v1,complete,3,18,7,"0,3,6,9,12,15,18","0,3,6,9,12,15,18",nearest connected 0.5+ fixed-layer STP proxy region to sounding
severe-2023-08-22,severe,2023-08-21T06:00:00+00:00,2023,2023,12,44.28564861807267,-96.79419763782266,model_forecast_maximum_stp,300,13.020029715938323,132.92223422310042,525.8829549301727,2.6985003468852256,3.4908503408214773,3.0,8,1.74,0.01,0,"NOAA NCEI Storm Events bulk CSV export d2015-d2025, files and SHA-256 in archive/ncei/ncei-source-manifest.json",1.0840363702422147,sharpmod_hrrr_toi_experimental_v4,noaa-hrrr-bdp-pds,sharpmod_fixed_layer_stp_proxy_v1,sharpmod_toi_public_bins_experimental_v1,sharpmod_toi_public_anchor_probability_v1,complete,3,18,7,"0,3,6,9,12,15,18","0,3,6,9,12,15,18",nearest connected 0.5+ fixed-layer STP proxy region to sounding
outbreak-2019-05-23,outbreak,2019-05-22T06:00:00+00:00,2019,2019,6,35.817036397503685,-93.6827083691615,model_forecast_maximum_stp,500,9.648721482309714,117.98519970518872,334.0238977693444,308.6277347053244,7.857920000000002,8.5,5,1.46,0.0203,1,"NOAA NCEI Storm Events bulk CSV export d2015-d2025, files and SHA-256 in archive/ncei/ncei-source-manifest.json",0.51426978,sharpmod_hrrr_toi_experimental_v4,noaa-hrrr-bdp-pds,sharpmod_fixed_layer_stp_proxy_v1,sharpmod_toi_public_bins_experimental_v1,sharpmod_toi_public_anchor_probability_v1,complete,3,18,7,"0,3,6,9,12,15,18","0,3,6,9,12,15,18",nearest connected 0.5+ fixed-layer STP proxy region to sounding
null-2019-04-20,null,2019-04-19T06:00:00+00:00,2019,2019,18,33.17328055940615,-79.84096352717916,model_forecast_maximum_stp,500,17.174504497270025,51.975608460192426,251.86376204851499,67.91096571130345,6.556,6.5,4,1.68,0.0159,0,"NOAA NCEI Storm Events bulk CSV export d2015-d2025, files and SHA-256 in archive/ncei/ncei-source-manifest.json",1.0840363702422147,sharpmod_hrrr_toi_experimental_v4,noaa-hrrr-bdp-pds,sharpmod_fixed_layer_stp_proxy_v1,sharpmod_toi_public_bins_experimental_v1,sharpmod_toi_public_anchor_probability_v1,complete,3,18,7,"0,3,6,9,12,15,18","0,3,6,9,12,15,18",nearest connected 0.5+ fixed-layer STP proxy region to sounding
null-2021-06-23,null,2021-06-22T06:00:00+00:00,2021,2021,18,41.70577000356814,-97.25369964052754,model_forecast_maximum_stp,300,5.300081844250275,138.06599259651404,380.2741219331931,48.19595188320176,1.6039172409234008,2.0,6,1.09,0.01,0,"NOAA NCEI Storm Events bulk CSV export d2015-d2025, files and SHA-256 in archive/ncei/ncei-source-manifest.json",1.0840363702422147,sharpmod_hrrr_toi_experimental_v4,noaa-hrrr-bdp-pds,sharpmod_fixed_layer_stp_proxy_v1,sharpmod_toi_public_bins_experimental_v1,sharpmod_toi_public_anchor_probability_v1,complete,3,18,7,"0,3,6,9,12,15,18","0,3,6,9,12,15,18",nearest connected 0.5+ fixed-layer STP proxy region to sounding
severe-2022-05-07,severe,2022-05-06T06:00:00+00:00,2022,2022,18,31.07947369712576,-83.35828973794474,model_forecast_maximum_stp,500,24.132641996239325,56.23810821572209,36.42344606632025,31.006722445120943,3.74976,4.5,5,2.43,0.0352,0,"NOAA NCEI Storm Events bulk CSV export d2015-d2025, files and SHA-256 in archive/ncei/ncei-source-manifest.json",1.0840363702422147,sharpmod_hrrr_toi_experimental_v4,noaa-hrrr-bdp-pds,sharpmod_fixed_layer_stp_proxy_v1,sharpmod_toi_public_bins_experimental_v1,sharpmod_toi_public_anchor_probability_v1,complete,3,18,7,"0,3,6,9,12,15,18","0,3,6,9,12,15,18",nearest connected 0.5+ fixed-layer STP proxy region to sounding
null-2020-03-26,null,2020-03-25T06:00:00+00:00,2020,2020,6,38.77135955842407,-95.18734581906813,model_forecast_maximum_stp,500,12.660710202575487,95.10778228457107,375.96291378214653,236.37693879131257,1.1628,1.0,3,1.71,0.01,0,"NOAA NCEI Storm Events bulk CSV export d2015-d2025, files and SHA-256 in archive/ncei/ncei-source-manifest.json",1.0840363702422147,sharpmod_hrrr_toi_experimental_v4,noaa-hrrr-bdp-pds,sharpmod_fixed_layer_stp_proxy_v1,sharpmod_toi_public_bins_experimental_v1,sharpmod_toi_public_anchor_probability_v1,complete,3,18,7,"0,3,6,9,12,15,18","0,3,6,9,12,15,18",nearest connected 0.5+ fixed-layer STP proxy region to sounding
null-2020-08-12,null,2020-08-11T06:00:00+00:00,2020,2020,6,43.180604009189366,-103.44682916524886,model_forecast_maximum_stp,300,23.139522561990944,55.80851296211614,211.72344387855077,12.51943088087529,3.5513038145962845,4.5,8,2.34,0.0296,0,"NOAA NCEI Storm Events bulk CSV export d2015-d2025, files and SHA-256 in archive/ncei/ncei-source-manifest.json",1.0840363702422147,sharpmod_hrrr_toi_experimental_v4,noaa-hrrr-bdp-pds,sharpmod_fixed_layer_stp_proxy_v1,sharpmod_toi_public_bins_experimental_v1,sharpmod_toi_public_anchor_probability_v1,complete,3,18,7,"0,3,6,9,12,15,18","0,3,6,9,12,15,18",nearest connected 0.5+ fixed-layer STP proxy region to sounding
outbreak-2023-08-07,outbreak,2023-08-06T06:00:00+00:00,2023,2023,12,37.19618830828803,-89.1309629762485,model_forecast_maximum_stp,300,18.447550434479297,52.6240021061367,92.42859270962676,240.92247474791026,4.279185130394769,4.5,8,1.79,0.01,1,"NOAA NCEI Storm Events bulk CSV export d2015-d2025, files and SHA-256 in archive/ncei/ncei-source-manifest.json",0.51426978,sharpmod_hrrr_toi_experimental_v4,noaa-hrrr-bdp-pds,sharpmod_fixed_layer_stp_proxy_v1,sharpmod_toi_public_bins_experimental_v1,sharpmod_toi_public_anchor_probability_v1,complete,3,18,7,"0,3,6,9,12,15,18","0,3,6,9,12,15,18",nearest connected 0.5+ fixed-layer STP proxy region to sounding
outbreak-2024-05-06,outbreak,2024-05-05T06:00:00+00:00,2024,2024,12,33.54412737836668,-93.40835386750666,model_forecast_maximum_stp,500,29.64355237752969,58.21949412313897,260.2735006904783,168.9055814096912,1.5722805741526706,2.0,5,2.89,0.0373,1,"NOAA NCEI Storm Events bulk CSV export d2015-d2025, files and SHA-256 in archive/ncei/ncei-source-manifest.json",0.51426978,sharpmod_hrrr_toi_experimental_v4,noaa-hrrr-bdp-pds,sharpmod_fixed_layer_stp_proxy_v1,sharpmod_toi_public_bins_experimental_v1,sharpmod_toi_public_anchor_probability_v1,complete,3,18,7,"0,3,6,9,12,15,18","0,3,6,9,12,15,18",nearest connected 0.5+ fixed-layer STP proxy region to sounding
outbreak-2018-02-24,outbreak,2018-02-23T06:00:00+00:00,2018,2018,6,27.509961740115475,-99.4479013405226,model_forecast_maximum_stp,500,25.0802244124863,53.93502576959563,80.51000030109151,88.17904561876435,2.7146918482561597,3.0,2,2.36,0.0186,1,"NOAA NCEI Storm Events bulk CSV export d2015-d2025, files and SHA-256 in archive/ncei/ncei-source-manifest.json",0.51426978,sharpmod_hrrr_toi_experimental_v4,noaa-hrrr-bdp-pds,sharpmod_fixed_layer_stp_proxy_v1,sharpmod_toi_public_bins_experimental_v1,sharpmod_toi_public_anchor_probability_v1,complete,3,18,7,"0,3,6,9,12,15,18","0,3,6,9,12,15,18",nearest connected 0.5+ fixed-layer STP proxy region to sounding
severe-2021-04-11,severe,2021-04-10T06:00:00+00:00,2021,2021,6,24.333917908333866,-81.344974345548,model_forecast_maximum_stp,500,8.074450220538882,78.16231282649683,782.9440027728475,333.91426489061644,1.142384372078605,1.0,4,1.32,0.01,0,"NOAA NCEI Storm Events bulk CSV export d2015-d2025, files and SHA-256 in archive/ncei/ncei-source-manifest.json",1.0840363702422147,sharpmod_hrrr_toi_experimental_v4,noaa-hrrr-bdp-pds,sharpmod_fixed_layer_stp_proxy_v1,sharpmod_toi_public_bins_experimental_v1,sharpmod_toi_public_anchor_probability_v1,complete,3,18,7,"0,3,6,9,12,15,18","0,3,6,9,12,15,18",nearest connected 0.5+ fixed-layer STP proxy region to sounding
null-2018-04-16,null,2018-04-15T06:00:00+00:00,2018,2018,18,33.17328055940615,-79.84096352717916,model_forecast_maximum_stp,500,22.88399405672493,71.35333209488189,497.6698619875449,240.72939889264646,4.657206666666667,4.5,4,2.47,0.038,0,"NOAA NCEI Storm Events bulk CSV export d2015-d2025, files and SHA-256 in archive/ncei/ncei-source-manifest.json",1.0840363702422147,sharpmod_hrrr_toi_experimental_v4,noaa-hrrr-bdp-pds,sharpmod_fixed_layer_stp_proxy_v1,sharpmod_toi_public_bins_experimental_v1,sharpmod_toi_public_anchor_probability_v1,complete,3,18,7,"0,3,6,9,12,15,18","0,3,6,9,12,15,18",nearest connected 0.5+ fixed-layer STP proxy region to sounding
outbreak-2019-04-18,outbreak,2019-04-17T06:00:00+00:00,2019,2019,6,32.96100362118404,-95.74502031735392,model_forecast_maximum_stp,500,11.532548303429936,57.77303429225028,77.43093908470918,227.44933342741703,6.269400000000001,6.5,4,1.36,0.01,1,"NOAA NCEI Storm Events bulk CSV export d2015-d2025, files and SHA-256 in archive/ncei/ncei-source-manifest.json",0.51426978,sharpmod_hrrr_toi_experimental_v4,noaa-hrrr-bdp-pds,sharpmod_fixed_layer_stp_proxy_v1,sharpmod_toi_public_bins_experimental_v1,sharpmod_toi_public_anchor_probability_v1,complete,3,18,7,"0,3,6,9,12,15,18","0,3,6,9,12,15,18",nearest connected 0.5+ fixed-layer STP proxy region to sounding
null-2019-08-30,null,2019-08-29T06:00:00+00:00,2019,2019,12,40.92074595783526,-91.68779098840764,model_forecast_maximum_stp,300,2.0950388033163927,128.91995238085062,704.1600333422108,12.719531661728695,3.4474892197536655,3.0,8,0.82,0.01,0,"NOAA NCEI Storm Events bulk CSV export d2015-d2025, files and SHA-256 in archive/ncei/ncei-source-manifest.json",1.0840363702422147,sharpmod_hrrr_toi_experimental_v4,noaa-hrrr-bdp-pds,sharpmod_fixed_layer_stp_proxy_v1,sharpmod_toi_public_bins_experimental_v1,sharpmod_toi_public_anchor_probability_v1,complete,3,18,7,"0,3,6,9,12,15,18","0,3,6,9,12,15,18",nearest connected 0.5+ fixed-layer STP proxy region to sounding
severe-2019-09-09,severe,2019-09-08T06:00:00+00:00,2019,2019,6,38.72715372085287,-93.527851752164,model_forecast_maximum_stp,500,13.184843257577072,57.04009816110375,195.02019953345095,9.468477373299095,2.8395752202891464,3.0,9,1.5,0.01,0,"NOAA NCEI Storm Events bulk CSV export d2015-d2025, files and SHA-256 in archive/ncei/ncei-source-manifest.json",1.0840363702422147,sharpmod_hrrr_toi_experimental_v4,noaa-hrrr-bdp-pds,sharpmod_fixed_layer_stp_proxy_v1,sharpmod_toi_public_bins_experimental_v1,sharpmod_toi_public_anchor_probability_v1,complete,3,18,7,"0,3,6,9,12,15,18","0,3,6,9,12,15,18",nearest connected 0.5+ fixed-layer STP proxy region to sounding
severe-2018-08-01,severe,2018-07-31T06:00:00+00:00,2018,2018,6,39.739398361261124,-82.03488633377765,model_forecast_maximum_stp,300,16.326611601683478,105.68448746412543,227.0994065763612,37.73090850672378,2.3617095140636613,2.0,7,1.78,0.01,0,"NOAA NCEI Storm Events bulk CSV export d2015-d2025, files and SHA-256 in archive/ncei/ncei-source-manifest.json",1.0840363702422147,sharpmod_hrrr_toi_experimental_v4,noaa-hrrr-bdp-pds,sharpmod_fixed_layer_stp_proxy_v1,sharpmod_toi_public_bins_experimental_v1,sharpmod_toi_public_anchor_probability_v1,complete,3,18,7,"0,3,6,9,12,15,18","0,3,6,9,12,15,18",nearest connected 0.5+ fixed-layer STP proxy region to sounding
null-2018-03-06,null,2018-03-05T06:00:00+00:00,2018,2018,6,33.295738248657756,-96.8947764270074,model_forecast_maximum_stp,500,30.852037780177273,54.81995863750061,497.79607882059844,106.48932460490789,4.784105028892736,4.5,3,2.83,0.0751,0,"NOAA NCEI Storm Events bulk CSV export d2015-d2025, files and SHA-256 in archive/ncei/ncei-source-manifest.json",1.0840363702422147,sharpmod_hrrr_toi_experimental_v4,noaa-hrrr-bdp-pds,sharpmod_fixed_layer_stp_proxy_v1,sharpmod_toi_public_bins_experimental_v1,sharpmod_toi_public_anchor_probability_v1,complete,3,18,7,"0,3,6,9,12,15,18","0,3,6,9,12,15,18",nearest connected 0.5+ fixed-layer STP proxy region to sounding
null-2023-03-04,null,2023-03-03T06:00:00+00:00,2023,2023,18,33.22284411233187,-84.90875552730091,model_forecast_maximum_stp,500,5.236187446916459,128.80167916013775,575.2070687923432,35.6119558901334,10.928315599971054,10.5,3,1.08,0.0188,0,"NOAA NCEI Storm Events bulk CSV export d2015-d2025, files and SHA-256 in archive/ncei/ncei-source-manifest.json",1.0840363702422147,sharpmod_hrrr_toi_experimental_v4,noaa-hrrr-bdp-pds,sharpmod_fixed_layer_stp_proxy_v1,sharpmod_toi_public_bins_experimental_v1,sharpmod_toi_public_anchor_probability_v1,complete,3,18,7,"0,3,6,9,12,15,18","0,3,6,9,12,15,18",nearest connected 0.5+ fixed-layer STP proxy region to sounding
outbreak-2021-03-13,outbreak,2021-03-12T06:00:00+00:00,2021,2021,12,34.588212621570705,-97.6691479093123,model_forecast_maximum_stp,500,4.743698393559282,104.87937120147738,288.33567793752565,320.707567240935,2.2829866666666665,2.0,3,1.04,0.01,1,"NOAA NCEI Storm Events bulk CSV export d2015-d2025, files and SHA-256 in archive/ncei/ncei-source-manifest.json",0.51426978,sharpmod_hrrr_toi_experimental_v4,noaa-hrrr-bdp-pds,sharpmod_fixed_layer_stp_proxy_v1,sharpmod_toi_public_bins_experimental_v1,sharpmod_toi_public_anchor_probability_v1,complete,3,18,7,"0,3,6,9,12,15,18","0,3,6,9,12,15,18",nearest connected 0.5+ fixed-layer STP proxy region to sounding
null-2017-04-17,null,2017-04-16T06:00:00+00:00,2017,2017,6,29.10381594159911,-99.48660211481649,model_forecast_maximum_stp,500,8.560630936138413,58.42843879018551,1329.5526292453685,3.8945147664972524,4.219197506041019,4.5,4,1.1,0.01,0,"NOAA NCEI Storm Events bulk CSV export d2015-d2025, files and SHA-256 in archive/ncei/ncei-source-manifest.json",1.0840363702422147,sharpmod_hrrr_toi_experimental_v4,noaa-hrrr-bdp-pds,sharpmod_fixed_layer_stp_proxy_v1,sharpmod_toi_public_bins_experimental_v1,sharpmod_toi_public_anchor_probability_v1,complete,3,18,7,"0,3,6,9,12,15,18","0,3,6,9,12,15,18",nearest connected 0.5+ fixed-layer STP proxy region to sounding
severe-2020-07-21,severe,2020-07-20T06:00:00+00:00,2020,2020,6,41.31544250532685,-101.56148204234051,model_forecast_maximum_stp,300,34.889682399348,87.79405354969639,276.74579981077807,19.03634478765514,2.2596572369089047,2.0,7,3.44,0.1044,0,"NOAA NCEI Storm Events bulk CSV export d2015-d2025, files and SHA-256 in archive/ncei/ncei-source-manifest.json",1.0840363702422147,sharpmod_hrrr_toi_experimental_v4,noaa-hrrr-bdp-pds,sharpmod_fixed_layer_stp_proxy_v1,sharpmod_toi_public_bins_experimental_v1,sharpmod_toi_public_anchor_probability_v1,complete,3,18,7,"0,3,6,9,12,15,18","0,3,6,9,12,15,18",nearest connected 0.5+ fixed-layer STP proxy region to sounding
null-2023-08-02,null,2023-08-01T06:00:00+00:00,2023,2023,12,39.409660050682845,-94.74745951771126,model_forecast_maximum_stp,300,6.739045399568386,93.3359050897701,764.7819927924872,35.8786628516919,2.8787733333333336,3.0,8,1.32,0.01,0,"NOAA NCEI Storm Events bulk CSV export d2015-d2025, files and SHA-256 in archive/ncei/ncei-source-manifest.json",1.0840363702422147,sharpmod_hrrr_toi_experimental_v4,noaa-hrrr-bdp-pds,sharpmod_fixed_layer_stp_proxy_v1,sharpmod_toi_public_bins_experimental_v1,sharpmod_toi_public_anchor_probability_v1,complete,3,18,7,"0,3,6,9,12,15,18","0,3,6,9,12,15,18",nearest connected 0.5+ fixed-layer STP proxy region to sounding
severe-2020-04-15,severe,2020-04-14T06:00:00+00:00,2020,2020,6,24.493554015182056,-82.36641309255936,model_forecast_maximum_stp,500,34.837507943534796,51.498783110045665,287.82841240577136,56.25067242856437,4.0861600000000005,4.5,4,3.13,0.1288,0,"NOAA NCEI Storm Events bulk CSV export d2015-d2025, files and SHA-256 in archive/ncei/ncei-source-manifest.json",1.0840363702422147,sharpmod_hrrr_toi_experimental_v4,noaa-hrrr-bdp-pds,sharpmod_fixed_layer_stp_proxy_v1,sharpmod_toi_public_bins_experimental_v1,sharpmod_toi_public_anchor_probability_v1,complete,3,18,7,"0,3,6,9,12,15,18","0,3,6,9,12,15,18",nearest connected 0.5+ fixed-layer STP proxy region to sounding
severe-2017-04-26,severe,2017-04-25T06:00:00+00:00,2017,2017,12,32.966475972826814,-96.12907108494767,model_forecast_maximum_stp,500,17.165424439553725,76.00365038647008,693.2157614894851,299.20107760825533,5.471554597225553,4.5,4,2.1,0.0185,0,"NOAA NCEI Storm Events bulk CSV export d2015-d2025, files and SHA-256 in archive/ncei/ncei-source-manifest.json",1.0840363702422147,sharpmod_hrrr_toi_experimental_v4,noaa-hrrr-bdp-pds,sharpmod_fixed_layer_stp_proxy_v1,sharpmod_toi_public_bins_experimental_v1,sharpmod_toi_public_anchor_probability_v1,complete,3,18,7,"0,3,6,9,12,15,18","0,3,6,9,12,15,18",nearest connected 0.5+ fixed-layer STP proxy region to sounding
severe-2020-07-02,severe,2020-07-01T06:00:00+00:00,2020,2020,12,37.32539293295054,-91.15789584745573,model_forecast_maximum_stp,300,11.101328960911024,103.51135870363842,852.3494673377817,314.2964155135701,4.528526211552357,4.5,7,1.33,0.01,0,"NOAA NCEI Storm Events bulk CSV export d2015-d2025, files and SHA-256 in archive/ncei/ncei-source-manifest.json",1.0840363702422147,sharpmod_hrrr_toi_experimental_v4,noaa-hrrr-bdp-pds,sharpmod_fixed_layer_stp_proxy_v1,sharpmod_toi_public_bins_experimental_v1,sharpmod_toi_public_anchor_probability_v1,complete,3,18,7,"0,3,6,9,12,15,18","0,3,6,9,12,15,18",nearest connected 0.5+ fixed-layer STP proxy region to sounding
outbreak-2017-02-07,outbreak,2017-02-06T06:00:00+00:00,2017,2017,12,33.91316404265716,-94.94514044460749,model_forecast_maximum_stp,500,15.94910882817261,52.03274109259696,516.9719285359207,347.54304442512773,3.481867963434135,3.0,2,1.58,0.01,1,"NOAA NCEI Storm Events bulk CSV export d2015-d2025, files and SHA-256 in archive/ncei/ncei-source-manifest.json",0.51426978,sharpmod_hrrr_toi_experimental_v4,noaa-hrrr-bdp-pds,sharpmod_fixed_layer_stp_proxy_v1,sharpmod_toi_public_bins_experimental_v1,sharpmod_toi_public_anchor_probability_v1,complete,3,18,7,"0,3,6,9,12,15,18","0,3,6,9,12,15,18",nearest connected 0.5+ fixed-layer STP proxy region to sounding
null-2019-06-28,null,2019-06-27T06:00:00+00:00,2019,2019,6,41.70414481212741,-96.82075748704005,model_forecast_maximum_stp,300,29.583821228880172,77.91217138468069,481.86932192081787,29.566628364635505,4.824370675376351,4.5,6,3.15,0.1334,0,"NOAA NCEI Storm Events bulk CSV export d2015-d2025, files and SHA-256 in archive/ncei/ncei-source-manifest.json",1.0840363702422147,sharpmod_hrrr_toi_experimental_v4,noaa-hrrr-bdp-pds,sharpmod_fixed_layer_stp_proxy_v1,sharpmod_toi_public_bins_experimental_v1,sharpmod_toi_public_anchor_probability_v1,complete,3,18,7,"0,3,6,9,12,15,18","0,3,6,9,12,15,18",nearest connected 0.5+ fixed-layer STP proxy region to sounding
severe-2015-03-25,severe,2015-03-24T06:00:00+00:00,2015,2015,12,34.256680046578495,-96.10637345042812,model_forecast_maximum_stp,500,14.079801912460661,54.18652863979633,429.3851775454473,40.156728150590766,1.227908178982755,1.0,3,1.42,0.01,0,"NOAA NCEI Storm Events bulk CSV export d2015-d2025, files and SHA-256 in archive/ncei/ncei-source-manifest.json",1.0840363702422147,sharpmod_hrrr_toi_experimental_v4,noaa-hrrr-bdp-pds,sharpmod_fixed_layer_stp_proxy_v1,sharpmod_toi_public_bins_experimental_v1,sharpmod_toi_public_anchor_probability_v1,degraded,3,15,6,"0,3,6,9,12,15,18","0,3,6,9,12,15",nearest connected 0.5+ fixed-layer STP proxy region to sounding
severe-2025-06-19,severe,2025-06-18T06:00:00+00:00,2025,2025,12,35.688959979341256,-90.89777060017258,model_forecast_maximum_stp,300,11.376248363475268,69.7511944590598,228.11426036229048,29.536627943532437,9.281275961505731,8.5,6,1.49,0.0215,0,"NOAA NCEI Storm Events bulk CSV export d2015-d2025, files and SHA-256 in archive/ncei/ncei-source-manifest.json",1.0840363702422147,sharpmod_hrrr_toi_experimental_v4,noaa-hrrr-bdp-pds,sharpmod_fixed_layer_stp_proxy_v1,sharpmod_toi_public_bins_experimental_v1,sharpmod_toi_public_anchor_probability_v1,complete,3,18,7,"0,3,6,9,12,15,18","0,3,6,9,12,15,18",nearest connected 0.5+ fixed-layer STP proxy region to sounding
null-2020-07-13,null,2020-07-12T06:00:00+00:00,2020,2020,6,33.9760813982803,-89.4843758249537,model_forecast_maximum_stp,300,52.747099565156,57.75560668186285,71.85956415289253,18.202191696635794,4.853140000000001,4.5,7,3.71,0.3205,0,"NOAA NCEI Storm Events bulk CSV export d2015-d2025, files and SHA-256 in archive/ncei/ncei-source-manifest.json",1.0840363702422147,sharpmod_hrrr_toi_experimental_v4,noaa-hrrr-bdp-pds,sharpmod_fixed_layer_stp_proxy_v1,sharpmod_toi_public_bins_experimental_v1,sharpmod_toi_public_anchor_probability_v1,complete,3,18,7,"0,3,6,9,12,15,18","0,3,6,9,12,15,18",nearest connected 0.5+ fixed-layer STP proxy region to sounding
null-2020-07-31,null,2020-07-30T06:00:00+00:00,2020,2020,18,41.01343467994403,-72.07312925430205,model_forecast_maximum_stp,300,5.603337003507139,95.24555394583402,308.74472823053236,313.31169850934936,2.333793655060844,2.0,7,0.86,0.01,0,"NOAA NCEI Storm Events bulk CSV export d2015-d2025, files and SHA-256 in archive/ncei/ncei-source-manifest.json",1.0840363702422147,sharpmod_hrrr_toi_experimental_v4,noaa-hrrr-bdp-pds,sharpmod_fixed_layer_stp_proxy_v1,sharpmod_toi_public_bins_experimental_v1,sharpmod_toi_public_anchor_probability_v1,complete,3,18,7,"0,3,6,9,12,15,18","0,3,6,9,12,15,18",nearest connected 0.5+ fixed-layer STP proxy region to sounding
outbreak-2019-05-27,outbreak,2019-05-26T06:00:00+00:00,2019,2019,12,38.4301201166519,-100.57164507558076,model_forecast_maximum_stp,500,49.92517609999251,64.47880502911786,133.9466630956314,327.6881441087591,9.973333333333333,10.5,5,4.52,0.9492,1,"NOAA NCEI Storm Events bulk CSV export d2015-d2025, files and SHA-256 in archive/ncei/ncei-source-manifest.json",0.51426978,sharpmod_hrrr_toi_experimental_v4,noaa-hrrr-bdp-pds,sharpmod_fixed_layer_stp_proxy_v1,sharpmod_toi_public_bins_experimental_v1,sharpmod_toi_public_anchor_probability_v1,complete,3,18,7,"0,3,6,9,12,15,18","0,3,6,9,12,15,18",nearest connected 0.5+ fixed-layer STP proxy region to sounding
outbreak-2019-06-15,outbreak,2019-06-14T06:00:00+00:00,2019,2019,18,38.46100592303641,-96.02438298160189,model_forecast_maximum_stp,300,17.443132892084172,56.743345129845785,398.5541536679588,56.07327167885535,2.461676764541489,2.0,6,1.86,0.01,1,"NOAA NCEI Storm Events bulk CSV export d2015-d2025, files and SHA-256 in archive/ncei/ncei-source-manifest.json",0.51426978,sharpmod_hrrr_toi_experimental_v4,noaa-hrrr-bdp-pds,sharpmod_fixed_layer_stp_proxy_v1,sharpmod_toi_public_bins_experimental_v1,sharpmod_toi_public_anchor_probability_v1,complete,3,18,7,"0,3,6,9,12,15,18","0,3,6,9,12,15,18",nearest connected 0.5+ fixed-layer STP proxy region to sounding
severe-2021-05-30,severe,2021-05-29T06:00:00+00:00,2021,2021,12,29.013401388443068,-80.38799736214656,model_forecast_maximum_stp,500,11.756531338366427,53.413871679923304,770.83835543367,331.13703089715756,1.311641437640873,1.0,5,1.22,0.01,0,"NOAA NCEI Storm Events bulk CSV export d2015-d2025, files and SHA-256 in archive/ncei/ncei-source-manifest.json",1.0840363702422147,sharpmod_hrrr_toi_experimental_v4,noaa-hrrr-bdp-pds,sharpmod_fixed_layer_stp_proxy_v1,sharpmod_toi_public_bins_experimental_v1,sharpmod_toi_public_anchor_probability_v1,complete,3,18,7,"0,3,6,9,12,15,18","0,3,6,9,12,15,18",nearest connected 0.5+ fixed-layer STP proxy region to sounding
outbreak-2024-05-25,outbreak,2024-05-24T06:00:00+00:00,2024,2024,6,32.64432572138536,-96.1347685755469,model_forecast_maximum_stp,500,3.911548768760381,58.73600463042157,82.91448727343177,307.64044056183116,8.003,8.5,5,0.71,0.01,1,"NOAA NCEI Storm Events bulk CSV export d2015-d2025, files and SHA-256 in archive/ncei/ncei-source-manifest.json",0.51426978,sharpmod_hrrr_toi_experimental_v4,noaa-hrrr-bdp-pds,sharpmod_fixed_layer_stp_proxy_v1,sharpmod_toi_public_bins_experimental_v1,sharpmod_toi_public_anchor_probability_v1,complete,3,18,7,"0,3,6,9,12,15,18","0,3,6,9,12,15,18",nearest connected 0.5+ fixed-layer STP proxy region to sounding
null-2019-08-16,null,2019-08-15T06:00:00+00:00,2019,2019,18,39.43710182418296,-98.51896515731141,model_forecast_maximum_stp,300,18.716707701775356,77.56149043954589,148.87520873119823,82.24266444793818,10.562933333333334,10.5,8,2.23,0.1607,0,"NOAA NCEI Storm Events bulk CSV export d2015-d2025, files and SHA-256 in archive/ncei/ncei-source-manifest.json",1.0840363702422147,sharpmod_hrrr_toi_experimental_v4,noaa-hrrr-bdp-pds,sharpmod_fixed_layer_stp_proxy_v1,sharpmod_toi_public_bins_experimental_v1,sharpmod_toi_public_anchor_probability_v1,complete,3,18,7,"0,3,6,9,12,15,18","0,3,6,9,12,15,18",nearest connected 0.5+ fixed-layer STP proxy region to sounding
severe-2023-06-27,severe,2023-06-26T06:00:00+00:00,2023,2023,12,32.032285145357015,-83.18403687531583,model_forecast_maximum_stp,300,21.57147520730881,60.83756635644827,438.2642427574976,282.6972969682995,3.4133841375704868,3.0,6,2.21,0.0138,0,"NOAA NCEI Storm Events bulk CSV export d2015-d2025, files and SHA-256 in archive/ncei/ncei-source-manifest.json",1.0840363702422147,sharpmod_hrrr_toi_experimental_v4,noaa-hrrr-bdp-pds,sharpmod_fixed_layer_stp_proxy_v1,sharpmod_toi_public_bins_experimental_v1,sharpmod_toi_public_anchor_probability_v1,complete,3,18,7,"0,3,6,9,12,15,18","0,3,6,9,12,15,18",nearest connected 0.5+ fixed-layer STP proxy region to sounding
severe-2024-09-26,severe,2024-09-25T06:00:00+00:00,2024,2024,12,35.63377486939736,-80.8720879921363,model_forecast_maximum_stp,500,38.79618391780606,58.4336974740281,191.19570031827698,341.6338728954573,1.546716009833908,2.0,9,3.69,0.1612,0,"NOAA NCEI Storm Events bulk CSV export d2015-d2025, files and SHA-256 in archive/ncei/ncei-source-manifest.json",1.0840363702422147,sharpmod_hrrr_toi_experimental_v4,noaa-hrrr-bdp-pds,sharpmod_fixed_layer_stp_proxy_v1,sharpmod_toi_public_bins_experimental_v1,sharpmod_toi_public_anchor_probability_v1,complete,3,18,7,"0,3,6,9,12,15,18","0,3,6,9,12,15,18",nearest connected 0.5+ fixed-layer STP proxy region to sounding
outbreak-2021-12-11,outbreak,2021-12-10T06:00:00+00:00,2021,2021,6,34.1201021730702,-91.81539735663256,model_forecast_maximum_stp,500,6.2041813182333385,105.54862380353104,466.1508984878112,332.8801981566464,4.256554054103445,4.5,12,1.16,0.01,1,"NOAA NCEI Storm Events bulk CSV export d2015-d2025, files and SHA-256 in archive/ncei/ncei-source-manifest.json",0.51426978,sharpmod_hrrr_toi_experimental_v4,noaa-hrrr-bdp-pds,sharpmod_fixed_layer_stp_proxy_v1,sharpmod_toi_public_bins_experimental_v1,sharpmod_toi_public_anchor_probability_v1,complete,3,18,7,"0,3,6,9,12,15,18","0,3,6,9,12,15,18",nearest connected 0.5+ fixed-layer STP proxy region to sounding
severe-2021-05-20,severe,2021-05-19T06:00:00+00:00,2021,2021,6,31.871055040407345,-102.96888179968278,model_forecast_maximum_stp,500,5.22259994237539,62.574399774381206,209.46419419499733,8.500113860799956,5.894572673521391,6.5,5,0.82,0.01,0,"NOAA NCEI Storm Events bulk CSV export d2015-d2025, files and SHA-256 in archive/ncei/ncei-source-manifest.json",1.0840363702422147,sharpmod_hrrr_toi_experimental_v4,noaa-hrrr-bdp-pds,sharpmod_fixed_layer_stp_proxy_v1,sharpmod_toi_public_bins_experimental_v1,sharpmod_toi_public_anchor_probability_v1,complete,3,18,7,"0,3,6,9,12,15,18","0,3,6,9,12,15,18",nearest connected 0.5+ fixed-layer STP proxy region to sounding
severe-2018-09-02,severe,2018-09-01T06:00:00+00:00,2018,2018,6,41.28150125156967,-92.51952422433203,model_forecast_maximum_stp,500,32.91374975567096,56.81087080575289,153.90871005354694,258.8446697778934,12.911963294956193,12.0,9,3.19,0.6861,0,"NOAA NCEI Storm Events bulk CSV export d2015-d2025, files and SHA-256 in archive/ncei/ncei-source-manifest.json",1.0840363702422147,sharpmod_hrrr_toi_experimental_v4,noaa-hrrr-bdp-pds,sharpmod_fixed_layer_stp_proxy_v1,sharpmod_toi_public_bins_experimental_v1,sharpmod_toi_public_anchor_probability_v1,complete,3,18,7,"0,3,6,9,12,15,18","0,3,6,9,12,15,18",nearest connected 0.5+ fixed-layer STP proxy region to sounding
severe-2022-12-15,severe,2022-12-14T06:00:00+00:00,2022,2022,12,30.6825923375286,-88.6939070861298,model_forecast_maximum_stp,500,28.102150797807692,51.04670072813692,192.95347034281232,163.055780902754,4.783323256517011,4.5,12,2.61,0.0497,0,"NOAA NCEI Storm Events bulk CSV export d2015-d2025, files and SHA-256 in archive/ncei/ncei-source-manifest.json",1.0840363702422147,sharpmod_hrrr_toi_experimental_v4,noaa-hrrr-bdp-pds,sharpmod_fixed_layer_stp_proxy_v1,sharpmod_toi_public_bins_experimental_v1,sharpmod_toi_public_anchor_probability_v1,complete,3,18,7,"0,3,6,9,12,15,18","0,3,6,9,12,15,18",nearest connected 0.5+ fixed-layer STP proxy region to sounding
severe-2022-05-17,severe,2022-05-16T06:00:00+00:00,2022,2022,6,32.00509604454824,-98.42236147459619,model_forecast_maximum_stp,500,11.11548656666808,67.70394554494622,1150.7632990787338,23.529484976274432,2.513671823396002,3.0,5,1.47,0.01,0,"NOAA NCEI Storm Events bulk CSV export d2015-d2025, files and SHA-256 in archive/ncei/ncei-source-manifest.json",1.0840363702422147,sharpmod_hrrr_toi_experimental_v4,noaa-hrrr-bdp-pds,sharpmod_fixed_layer_stp_proxy_v1,sharpmod_toi_public_bins_experimental_v1,sharpmod_toi_public_anchor_probability_v1,complete,3,18,7,"0,3,6,9,12,15,18","0,3,6,9,12,15,18",nearest connected 0.5+ fixed-layer STP proxy region to sounding
outbreak-2020-03-28,outbreak,2020-03-27T06:00:00+00:00,2020,2020,12,36.310072894675564,-90.43978939229476,model_forecast_maximum_stp,500,5.359702871196573,99.0943673857288,413.09845116187427,32.50447224891968,4.5360000000000005,4.5,3,1.09,0.01,1,"NOAA NCEI Storm Events bulk CSV export d2015-d2025, files and SHA-256 in archive/ncei/ncei-source-manifest.json",0.51426978,sharpmod_hrrr_toi_experimental_v4,noaa-hrrr-bdp-pds,sharpmod_fixed_layer_stp_proxy_v1,sharpmod_toi_public_bins_experimental_v1,sharpmod_toi_public_anchor_probability_v1,complete,3,18,7,"0,3,6,9,12,15,18","0,3,6,9,12,15,18",nearest connected 0.5+ fixed-layer STP proxy region to sounding
null-2016-05-04,null,2016-05-03T06:00:00+00:00,2016,2016,12,28.385977963262267,-80.52254507290405,model_forecast_maximum_stp,500,10.09697052849363,71.6731715486325,500.47420777081675,311.0792949535098,3.578987327993582,4.5,5,1.38,0.01,0,"NOAA NCEI Storm Events bulk CSV export d2015-d2025, files and SHA-256 in archive/ncei/ncei-source-manifest.json",1.0840363702422147,sharpmod_hrrr_toi_experimental_v4,noaa-hrrr-bdp-pds,sharpmod_fixed_layer_stp_proxy_v1,sharpmod_toi_public_bins_experimental_v1,sharpmod_toi_public_anchor_probability_v1,degraded,3,15,6,"0,3,6,9,12,15,18","0,3,6,9,12,15",nearest connected 0.5+ fixed-layer STP proxy region to sounding
outbreak-2025-03-30,outbreak,2025-03-29T06:00:00+00:00,2025,2025,12,30.402910762513557,-97.66026642015595,model_forecast_maximum_stp,500,53.82051573179026,54.72431925433641,778.0030894204465,298.65723608637234,3.669999356188097,4.5,3,3.54,0.2513,1,"NOAA NCEI Storm Events bulk CSV export d2015-d2025, files and SHA-256 in archive/ncei/ncei-source-manifest.json",0.51426978,sharpmod_hrrr_toi_experimental_v4,noaa-hrrr-bdp-pds,sharpmod_fixed_layer_stp_proxy_v1,sharpmod_toi_public_bins_experimental_v1,sharpmod_toi_public_anchor_probability_v1,complete,3,18,7,"0,3,6,9,12,15,18","0,3,6,9,12,15,18",nearest connected 0.5+ fixed-layer STP proxy region to sounding
null-2022-07-30,null,2022-07-29T06:00:00+00:00,2022,2022,12,27.09231200174404,-82.60316651357903,model_forecast_maximum_stp,300,9.50895900387136,59.17098903817581,6.452963694169137,194.20109693799185,1.386297817741565,1.0,7,0.93,0.01,0,"NOAA NCEI Storm Events bulk CSV export d2015-d2025, files and SHA-256 in archive/ncei/ncei-source-manifest.json",1.0840363702422147,sharpmod_hrrr_toi_experimental_v4,noaa-hrrr-bdp-pds,sharpmod_fixed_layer_stp_proxy_v1,sharpmod_toi_public_bins_experimental_v1,sharpmod_toi_public_anchor_probability_v1,complete,3,18,7,"0,3,6,9,12,15,18","0,3,6,9,12,15,18",nearest connected 0.5+ fixed-layer STP proxy region to sounding
severe-2016-05-26,severe,2016-05-25T06:00:00+00:00,2016,2016,12,34.57398071618641,-95.70820180313677,model_forecast_maximum_stp,500,8.61658793195795,65.06106667853633,954.6467576446126,251.43437923147758,8.528411211665059,8.5,5,1.26,0.0137,0,"NOAA NCEI Storm Events bulk CSV export d2015-d2025, files and SHA-256 in archive/ncei/ncei-source-manifest.json",1.0840363702422147,sharpmod_hrrr_toi_experimental_v4,noaa-hrrr-bdp-pds,sharpmod_fixed_layer_stp_proxy_v1,sharpmod_toi_public_bins_experimental_v1,sharpmod_toi_public_anchor_probability_v1,degraded,3,15,6,"0,3,6,9,12,15,18","0,3,6,9,12,15",nearest connected 0.5+ fixed-layer STP proxy region to sounding
severe-2023-12-01,severe,2023-11-30T06:00:00+00:00,2023,2023,18,29.120985063685797,-96.92604902024999,model_forecast_maximum_stp,500,32.449073964746134,57.33860295857654,52.72540811569614,239.43241383971514,3.130075023703592,3.0,11,3.13,0.0812,0,"NOAA NCEI Storm Events bulk CSV export d2015-d2025, files and SHA-256 in archive/ncei/ncei-source-manifest.json",1.0840363702422147,sharpmod_hrrr_toi_experimental_v4,noaa-hrrr-bdp-pds,sharpmod_fixed_layer_stp_proxy_v1,sharpmod_toi_public_bins_experimental_v1,sharpmod_toi_public_anchor_probability_v1,complete,3,18,7,"0,3,6,9,12,15,18","0,3,6,9,12,15,18",nearest connected 0.5+ fixed-layer STP proxy region to sounding
null-2022-08-19,null,2022-08-18T06:00:00+00:00,2022,2022,12,42.35200378187387,-97.25136044393878,model_forecast_maximum_stp,300,15.218394359360238,80.62867031311355,494.18476828162557,319.7511228729668,1.8446074743980174,2.0,8,1.93,0.01,0,"NOAA NCEI Storm Events bulk CSV export d2015-d2025, files and SHA-256 in archive/ncei/ncei-source-manifest.json",1.0840363702422147,sharpmod_hrrr_toi_experimental_v4,noaa-hrrr-bdp-pds,sharpmod_fixed_layer_stp_proxy_v1,sharpmod_toi_public_bins_experimental_v1,sharpmod_toi_public_anchor_probability_v1,complete,3,18,7,"0,3,6,9,12,15,18","0,3,6,9,12,15,18",nearest connected 0.5+ fixed-layer STP proxy region to sounding
null-2024-03-31,null,2024-03-30T06:00:00+00:00,2024,2024,18,39.309602923347825,-81.27987861677013,model_forecast_maximum_stp,500,15.90290681030485,80.34350396966637,222.59450542635906,76.8844362045561,2.1196866666666665,2.0,3,1.99,0.01,0,"NOAA NCEI Storm Events bulk CSV export d2015-d2025, files and SHA-256 in archive/ncei/ncei-source-manifest.json",1.0840363702422147,sharpmod_hrrr_toi_experimental_v4,noaa-hrrr-bdp-pds,sharpmod_fixed_layer_stp_proxy_v1,sharpmod_toi_public_bins_experimental_v1,sharpmod_toi_public_anchor_probability_v1,complete,3,18,7,"0,3,6,9,12,15,18","0,3,6,9,12,15,18",nearest connected 0.5+ fixed-layer STP proxy region to sounding
severe-2025-05-29,severe,2025-05-28T06:00:00+00:00,2025,2025,18,30.08240531344522,-97.65962170515502,model_forecast_maximum_stp,500,19.65479402691046,55.69017341885955,1077.3736157864919,34.99962830124946,1.9516365688826658,2.0,5,2.05,0.01,0,"NOAA NCEI Storm Events bulk CSV export d2015-d2025, files and SHA-256 in archive/ncei/ncei-source-manifest.json",1.0840363702422147,sharpmod_hrrr_toi_experimental_v4,noaa-hrrr-bdp-pds,sharpmod_fixed_layer_stp_proxy_v1,sharpmod_toi_public_bins_experimental_v1,sharpmod_toi_public_anchor_probability_v1,complete,3,18,7,"0,3,6,9,12,15,18","0,3,6,9,12,15,18",nearest connected 0.5+ fixed-layer STP proxy region to sounding
null-2020-06-23,null,2020-06-22T06:00:00+00:00,2020,2020,6,31.961894210111417,-100.69757264363,model_forecast_maximum_stp,300,13.924220655878147,58.28231626944906,415.70867597369715,9.398446329170781,8.956557819773163,8.5,6,1.56,0.0246,0,"NOAA NCEI Storm Events bulk CSV export d2015-d2025, files and SHA-256 in archive/ncei/ncei-source-manifest.json",1.0840363702422147,sharpmod_hrrr_toi_experimental_v4,noaa-hrrr-bdp-pds,sharpmod_fixed_layer_stp_proxy_v1,sharpmod_toi_public_bins_experimental_v1,sharpmod_toi_public_anchor_probability_v1,complete,3,18,7,"0,3,6,9,12,15,18","0,3,6,9,12,15,18",nearest connected 0.5+ fixed-layer STP proxy region to sounding
severe-2015-11-17,severe,2015-11-16T06:00:00+00:00,2015,2015,12,32.19219809719057,-102.99202558692701,model_forecast_maximum_stp,500,20.035613465723397,57.82472594973759,212.73762779183045,242.89002448609813,1.9922666666666666,2.0,11,2.08,0.01,0,"NOAA NCEI Storm Events bulk CSV export d2015-d2025, files and SHA-256 in archive/ncei/ncei-source-manifest.json",1.0840363702422147,sharpmod_hrrr_toi_experimental_v4,noaa-hrrr-bdp-pds,sharpmod_fixed_layer_stp_proxy_v1,sharpmod_toi_public_bins_experimental_v1,sharpmod_toi_public_anchor_probability_v1,degraded,3,15,6,"0,3,6,9,12,15,18","0,3,6,9,12,15",nearest connected 0.5+ fixed-layer STP proxy region to sounding
null-2022-05-14,null,2022-05-13T06:00:00+00:00,2022,2022,18,45.26814525796553,-88.54903677928218,model_forecast_maximum_stp,500,47.56337872750774,57.1492765471677,295.8659308068052,334.9722370715862,1.2529025132926679,1.0,5,4.22,0.2824,0,"NOAA NCEI Storm Events bulk CSV export d2015-d2025, files and SHA-256 in archive/ncei/ncei-source-manifest.json",1.0840363702422147,sharpmod_hrrr_toi_experimental_v4,noaa-hrrr-bdp-pds,sharpmod_fixed_layer_stp_proxy_v1,sharpmod_toi_public_bins_experimental_v1,sharpmod_toi_public_anchor_probability_v1,complete,3,18,7,"0,3,6,9,12,15,18","0,3,6,9,12,15,18",nearest connected 0.5+ fixed-layer STP proxy region to sounding
null-2020-04-03,null,2020-04-02T06:00:00+00:00,2020,2020,18,31.362084627436094,-98.41481969810383,model_forecast_maximum_stp,500,18.373101347923377,57.973448321440486,225.13997784859717,202.63243910439422,2.440490870831253,2.0,4,1.94,0.01,0,"NOAA NCEI Storm Events bulk CSV export d2015-d2025, files and SHA-256 in archive/ncei/ncei-source-manifest.json",1.0840363702422147,sharpmod_hrrr_toi_experimental_v4,noaa-hrrr-bdp-pds,sharpmod_fixed_layer_stp_proxy_v1,sharpmod_toi_public_bins_experimental_v1,sharpmod_toi_public_anchor_probability_v1,complete,3,18,7,"0,3,6,9,12,15,18","0,3,6,9,12,15,18",nearest connected 0.5+ fixed-layer STP proxy region to sounding
outbreak-2025-03-04,outbreak,2025-03-03T06:00:00+00:00,2025,2025,6,32.001208991518496,-98.8017167809694,model_forecast_maximum_stp,500,28.562519537922103,79.1274012630415,382.57391668339847,102.24287353767124,1.7726928199008705,2.0,3,3.07,0.0527,1,"NOAA NCEI Storm Events bulk CSV export d2015-d2025, files and SHA-256 in archive/ncei/ncei-source-manifest.json",0.51426978,sharpmod_hrrr_toi_experimental_v4,noaa-hrrr-bdp-pds,sharpmod_fixed_layer_stp_proxy_v1,sharpmod_toi_public_bins_experimental_v1,sharpmod_toi_public_anchor_probability_v1,complete,3,18,7,"0,3,6,9,12,15,18","0,3,6,9,12,15,18",nearest connected 0.5+ fixed-layer STP proxy region to sounding
outbreak-2019-05-20,outbreak,2019-05-19T06:00:00+00:00,2019,2019,18,42.378284415533734,-75.62137552201779,model_forecast_maximum_stp,500,12.454370935416943,93.87823466005874,319.0854133622389,324.1365441056494,2.3312785165413756,2.0,5,1.81,0.01,1,"NOAA NCEI Storm Events bulk CSV export d2015-d2025, files and SHA-256 in archive/ncei/ncei-source-manifest.json",0.51426978,sharpmod_hrrr_toi_experimental_v4,noaa-hrrr-bdp-pds,sharpmod_fixed_layer_stp_proxy_v1,sharpmod_toi_public_bins_experimental_v1,sharpmod_toi_public_anchor_probability_v1,complete,3,18,7,"0,3,6,9,12,15,18","0,3,6,9,12,15,18",nearest connected 0.5+ fixed-layer STP proxy region to sounding
severe-2017-05-05,severe,2017-05-04T06:00:00+00:00,2017,2017,18,31.6519490572944,-80.571823699059,model_forecast_maximum_stp,500,8.361896633133538,55.063754388619266,246.47080714950096,265.83714863022857,3.405453333333334,3.0,5,1.09,0.01,0,"NOAA NCEI Storm Events bulk CSV export d2015-d2025, files and SHA-256 in archive/ncei/ncei-source-manifest.json",1.0840363702422147,sharpmod_hrrr_toi_experimental_v4,noaa-hrrr-bdp-pds,sharpmod_fixed_layer_stp_proxy_v1,sharpmod_toi_public_bins_experimental_v1,sharpmod_toi_public_anchor_probability_v1,complete,3,18,7,"0,3,6,9,12,15,18","0,3,6,9,12,15,18",nearest connected 0.5+ fixed-layer STP proxy region to sounding
severe-2021-03-28,severe,2021-03-27T06:00:00+00:00,2021,2021,18,33.30480258057872,-89.16714272316585,model_forecast_maximum_stp,500,29.490476209074416,51.23876554940665,312.16940749162296,138.66808885596663,4.2224,4.5,3,2.73,0.0623,0,"NOAA NCEI Storm Events bulk CSV export d2015-d2025, files and SHA-256 in archive/ncei/ncei-source-manifest.json",1.0840363702422147,sharpmod_hrrr_toi_experimental_v4,noaa-hrrr-bdp-pds,sharpmod_fixed_layer_stp_proxy_v1,sharpmod_toi_public_bins_experimental_v1,sharpmod_toi_public_anchor_probability_v1,complete,3,18,7,"0,3,6,9,12,15,18","0,3,6,9,12,15,18",nearest connected 0.5+ fixed-layer STP proxy region to sounding
null-2019-03-15,null,2019-03-14T06:00:00+00:00,2019,2019,12,34.816391612408175,-87.81342387384672,model_forecast_maximum_stp,500,11.937828385899918,119.92717710417145,494.6859586938475,336.9371876364385,5.633000000000001,6.5,3,1.65,0.015,0,"NOAA NCEI Storm Events bulk CSV export d2015-d2025, files and SHA-256 in archive/ncei/ncei-source-manifest.json",1.0840363702422147,sharpmod_hrrr_toi_experimental_v4,noaa-hrrr-bdp-pds,sharpmod_fixed_layer_stp_proxy_v1,sharpmod_toi_public_bins_experimental_v1,sharpmod_toi_public_anchor_probability_v1,complete,3,18,7,"0,3,6,9,12,15,18","0,3,6,9,12,15,18",nearest connected 0.5+ fixed-layer STP proxy region to sounding
severe-2022-07-19,severe,2022-07-18T06:00:00+00:00,2022,2022,6,47.17207362653823,-98.64398934898196,model_forecast_maximum_stp,300,9.221583557513956,125.80210669240121,168.7952749077884,293.82293557179617,4.011053333333335,4.5,7,1.17,0.01,0,"NOAA NCEI Storm Events bulk CSV export d2015-d2025, files and SHA-256 in archive/ncei/ncei-source-manifest.json",1.0840363702422147,sharpmod_hrrr_toi_experimental_v4,noaa-hrrr-bdp-pds,sharpmod_fixed_layer_stp_proxy_v1,sharpmod_toi_public_bins_experimental_v1,sharpmod_toi_public_anchor_probability_v1,complete,3,18,7,"0,3,6,9,12,15,18","0,3,6,9,12,15,18",nearest connected 0.5+ fixed-layer STP proxy region to sounding
null-2019-05-16,null,2019-05-15T06:00:00+00:00,2019,2019,18,48.76257303814945,-99.15681517264363,model_forecast_maximum_stp,500,14.901923236475357,63.287669560581364,327.3630833163554,277.10568069341934,2.022232482040994,2.0,5,1.64,0.01,0,"NOAA NCEI Storm Events bulk CSV export d2015-d2025, files and SHA-256 in archive/ncei/ncei-source-manifest.json",1.0840363702422147,sharpmod_hrrr_toi_experimental_v4,noaa-hrrr-bdp-pds,sharpmod_fixed_layer_stp_proxy_v1,sharpmod_toi_public_bins_experimental_v1,sharpmod_toi_public_anchor_probability_v1,complete,3,18,7,"0,3,6,9,12,15,18","0,3,6,9,12,15,18",nearest connected 0.5+ fixed-layer STP proxy region to sounding
outbreak-2021-07-29,outbreak,2021-07-28T06:00:00+00:00,2021,2021,12,44.78526472876402,-91.34450443967171,model_forecast_maximum_stp,300,7.977795346747034,61.605706059220715,113.56201970243146,166.94420425805959,14.328513333333333,12.0,7,0.8,0.018,1,"NOAA NCEI Storm Events bulk CSV export d2015-d2025, files and SHA-256 in archive/ncei/ncei-source-manifest.json",0.51426978,sharpmod_hrrr_toi_experimental_v4,noaa-hrrr-bdp-pds,sharpmod_fixed_layer_stp_proxy_v1,sharpmod_toi_public_bins_experimental_v1,sharpmod_toi_public_anchor_probability_v1,complete,3,18,7,"0,3,6,9,12,15,18","0,3,6,9,12,15,18",nearest connected 0.5+ fixed-layer STP proxy region to sounding
outbreak-2024-04-10,outbreak,2024-04-09T06:00:00+00:00,2024,2024,6,29.438063322273443,-96.5564857692467,model_forecast_maximum_stp,500,19.770254946668796,88.66857080089207,197.2928127808471,259.1986123699312,4.707166666666666,4.5,4,2.43,0.0352,1,"NOAA NCEI Storm Events bulk CSV export d2015-d2025, files and SHA-256 in archive/ncei/ncei-source-manifest.json",0.51426978,sharpmod_hrrr_toi_experimental_v4,noaa-hrrr-bdp-pds,sharpmod_fixed_layer_stp_proxy_v1,sharpmod_toi_public_bins_experimental_v1,sharpmod_toi_public_anchor_probability_v1,complete,3,18,7,"0,3,6,9,12,15,18","0,3,6,9,12,15,18",nearest connected 0.5+ fixed-layer STP proxy region to sounding
severe-2024-08-19,severe,2024-08-18T06:00:00+00:00,2024,2024,12,29.661033731322163,-92.86888428421679,model_forecast_maximum_stp,300,9.056906605338352,94.85501172294335,1009.7619454473022,18.029796545072543,1.912028320608848,2.0,8,1.52,0.01,0,"NOAA NCEI Storm Events bulk CSV export d2015-d2025, files and SHA-256 in archive/ncei/ncei-source-manifest.json",1.0840363702422147,sharpmod_hrrr_toi_experimental_v4,noaa-hrrr-bdp-pds,sharpmod_fixed_layer_stp_proxy_v1,sharpmod_toi_public_bins_experimental_v1,sharpmod_toi_public_anchor_probability_v1,complete,3,18,7,"0,3,6,9,12,15,18","0,3,6,9,12,15,18",nearest connected 0.5+ fixed-layer STP proxy region to sounding
severe-2022-01-03,severe,2022-01-02T06:00:00+00:00,2022,2022,6,31.032826773367475,-85.63770309420426,model_forecast_maximum_stp,500,11.404812741385808,123.09254518059541,642.2088554763147,15.246862523944742,3.8175333333333326,4.5,1,1.61,0.01,0,"NOAA NCEI Storm Events bulk CSV export d2015-d2025, files and SHA-256 in archive/ncei/ncei-source-manifest.json",1.0840363702422147,sharpmod_hrrr_toi_experimental_v4,noaa-hrrr-bdp-pds,sharpmod_fixed_layer_stp_proxy_v1,sharpmod_toi_public_bins_experimental_v1,sharpmod_toi_public_anchor_probability_v1,complete,3,18,7,"0,3,6,9,12,15,18","0,3,6,9,12,15,18",nearest connected 0.5+ fixed-layer STP proxy region to sounding
severe-2019-07-20,severe,2019-07-19T06:00:00+00:00,2019,2019,12,44.50381532953427,-92.27539780872473,model_forecast_maximum_stp,300,11.260818204167904,56.45896117171059,21.64358491757364,189.00582124463003,9.446516549093197,8.5,7,1.08,0.01,0,"NOAA NCEI Storm Events bulk CSV export d2015-d2025, files and SHA-256 in archive/ncei/ncei-source-manifest.json",1.0840363702422147,sharpmod_hrrr_toi_experimental_v4,noaa-hrrr-bdp-pds,sharpmod_fixed_layer_stp_proxy_v1,sharpmod_toi_public_bins_experimental_v1,sharpmod_toi_public_anchor_probability_v1,complete,3,18,7,"0,3,6,9,12,15,18","0,3,6,9,12,15,18",nearest connected 0.5+ fixed-layer STP proxy region to sounding
null-2025-05-11,null,2025-05-10T06:00:00+00:00,2025,2025,6,31.189197448704157,-81.81659163704501,model_forecast_maximum_stp,500,29.768995737345232,54.70997640080354,161.77578916735564,288.33217283745455,4.663893333333332,4.5,5,2.76,0.0659,0,"NOAA NCEI Storm Events bulk CSV export d2015-d2025, files and SHA-256 in archive/ncei/ncei-source-manifest.json",1.0840363702422147,sharpmod_hrrr_toi_experimental_v4,noaa-hrrr-bdp-pds,sharpmod_fixed_layer_stp_proxy_v1,sharpmod_toi_public_bins_experimental_v1,sharpmod_toi_public_anchor_probability_v1,complete,3,18,7,"0,3,6,9,12,15,18","0,3,6,9,12,15,18",nearest connected 0.5+ fixed-layer STP proxy region to sounding
severe-2021-07-20,severe,2021-07-19T06:00:00+00:00,2021,2021,6,48.1009272985154,-100.57239367769324,model_forecast_maximum_stp,300,9.788158729016258,83.43213000300227,248.66660342659716,44.1983532077503,3.1112584868437954,3.0,7,1.22,0.01,0,"NOAA NCEI Storm Events bulk CSV export d2015-d2025, files and SHA-256 in archive/ncei/ncei-source-manifest.json",1.0840363702422147,sharpmod_hrrr_toi_experimental_v4,noaa-hrrr-bdp-pds,sharpmod_fixed_layer_stp_proxy_v1,sharpmod_toi_public_bins_experimental_v1,sharpmod_toi_public_anchor_probability_v1,complete,3,18,7,"0,3,6,9,12,15,18","0,3,6,9,12,15,18",nearest connected 0.5+ fixed-layer STP proxy region to sounding
null-2023-03-29,null,2023-03-28T06:00:00+00:00,2023,2023,6,30.62980928443559,-84.94616975706072,model_forecast_maximum_stp,500,27.654264081138646,57.460689448406,65.72917987083035,22.00303052444849,1.6820215807475931,2.0,3,2.73,0.0274,0,"NOAA NCEI Storm Events bulk CSV export d2015-d2025, files and SHA-256 in archive/ncei/ncei-source-manifest.json",1.0840363702422147,sharpmod_hrrr_toi_experimental_v4,noaa-hrrr-bdp-pds,sharpmod_fixed_layer_stp_proxy_v1,sharpmod_toi_public_bins_experimental_v1,sharpmod_toi_public_anchor_probability_v1,complete,3,18,7,"0,3,6,9,12,15,18","0,3,6,9,12,15,18",nearest connected 0.5+ fixed-layer STP proxy region to sounding
null-2023-04-13,null,2023-04-12T06:00:00+00:00,2023,2023,12,44.89703481476657,-94.51663382849159,model_forecast_maximum_stp,500,44.27857342300468,50.59625595015717,388.9061135045695,61.652113043034376,1.4770630631785444,1.0,4,3.68,0.1179,0,"NOAA NCEI Storm Events bulk CSV export d2015-d2025, files and SHA-256 in archive/ncei/ncei-source-manifest.json",1.0840363702422147,sharpmod_hrrr_toi_experimental_v4,noaa-hrrr-bdp-pds,sharpmod_fixed_layer_stp_proxy_v1,sharpmod_toi_public_bins_experimental_v1,sharpmod_toi_public_anchor_probability_v1,complete,3,18,7,"0,3,6,9,12,15,18","0,3,6,9,12,15,18",nearest connected 0.5+ fixed-layer STP proxy region to sounding
null-2023-03-23,null,2023-03-22T06:00:00+00:00,2023,2023,18,37.09567535444229,-93.2099975342332,model_forecast_maximum_stp,500,16.283366268050305,95.26287451339952,404.69685809694744,303.28089019097416,3.234746666666667,3.0,3,2.02,0.01,0,"NOAA NCEI Storm Events bulk CSV export d2015-d2025, files and SHA-256 in archive/ncei/ncei-source-manifest.json",1.0840363702422147,sharpmod_hrrr_toi_experimental_v4,noaa-hrrr-bdp-pds,sharpmod_fixed_layer_stp_proxy_v1,sharpmod_toi_public_bins_experimental_v1,sharpmod_toi_public_anchor_probability_v1,complete,3,18,7,"0,3,6,9,12,15,18","0,3,6,9,12,15,18",nearest connected 0.5+ fixed-layer STP proxy region to sounding
null-2023-03-14,null,2023-03-13T06:00:00+00:00,2023,2023,6,29.327501763927913,-80.3201988127168,model_forecast_maximum_stp,500,9.800385182309428,56.29775993942303,421.97246405868646,91.8703909243502,3.1194284446156724,3.0,3,1.21,0.01,0,"NOAA NCEI Storm Events bulk CSV export d2015-d2025, files and SHA-256 in archive/ncei/ncei-source-manifest.json",1.0840363702422147,sharpmod_hrrr_toi_experimental_v4,noaa-hrrr-bdp-pds,sharpmod_fixed_layer_stp_proxy_v1,sharpmod_toi_public_bins_experimental_v1,sharpmod_toi_public_anchor_probability_v1,complete,3,18,7,"0,3,6,9,12,15,18","0,3,6,9,12,15,18",nearest connected 0.5+ fixed-layer STP proxy region to sounding
severe-2018-05-08,severe,2018-05-07T06:00:00+00:00,2018,2018,18,47.160852119249554,-99.58486323165425,model_forecast_maximum_stp,500,10.1453131547133,50.86225359380235,748.7018705894836,37.15369618644252,1.4834446205673362,1.0,5,1.09,0.01,0,"NOAA NCEI Storm Events bulk CSV export d2015-d2025, files and SHA-256 in archive/ncei/ncei-source-manifest.json",1.0840363702422147,sharpmod_hrrr_toi_experimental_v4,noaa-hrrr-bdp-pds,sharpmod_fixed_layer_stp_proxy_v1,sharpmod_toi_public_bins_experimental_v1,sharpmod_toi_public_anchor_probability_v1,complete,3,18,7,"0,3,6,9,12,15,18","0,3,6,9,12,15,18",nearest connected 0.5+ fixed-layer STP proxy region to sounding
severe-2020-05-15,severe,2020-05-14T06:00:00+00:00,2020,2020,18,37.80775248766886,-95.62783648546554,model_forecast_maximum_stp,500,40.25187512973843,59.76655271050782,831.9933022465616,16.059261831750064,7.239906247066986,6.5,5,3.58,0.4194,0,"NOAA NCEI Storm Events bulk CSV export d2015-d2025, files and SHA-256 in archive/ncei/ncei-source-manifest.json",1.0840363702422147,sharpmod_hrrr_toi_experimental_v4,noaa-hrrr-bdp-pds,sharpmod_fixed_layer_stp_proxy_v1,sharpmod_toi_public_bins_experimental_v1,sharpmod_toi_public_anchor_probability_v1,complete,3,18,7,"0,3,6,9,12,15,18","0,3,6,9,12,15,18",nearest connected 0.5+ fixed-layer STP proxy region to sounding
severe-2021-10-13,severe,2021-10-12T06:00:00+00:00,2021,2021,6,32.96183739956998,-99.20207239096345,model_forecast_maximum_stp,500,5.3379316654460105,52.070217826445436,291.7640986021901,348.41782436244597,5.104,4.5,10,0.68,0.01,0,"NOAA NCEI Storm Events bulk CSV export d2015-d2025, files and SHA-256 in archive/ncei/ncei-source-manifest.json",1.0840363702422147,sharpmod_hrrr_toi_experimental_v4,noaa-hrrr-bdp-pds,sharpmod_fixed_layer_stp_proxy_v1,sharpmod_toi_public_bins_experimental_v1,sharpmod_toi_public_anchor_probability_v1,complete,3,18,7,"0,3,6,9,12,15,18","0,3,6,9,12,15,18",nearest connected 0.5+ fixed-layer STP proxy region to sounding
null-2024-04-29,null,2024-04-28T06:00:00+00:00,2024,2024,18,41.81986654447877,-90.3072113462959,model_forecast_maximum_stp,500,11.208972113365265,88.07227389032622,103.71588614529486,330.5942934750093,5.771913333333335,6.5,4,1.7,0.0165,0,"NOAA NCEI Storm Events bulk CSV export d2015-d2025, files and SHA-256 in archive/ncei/ncei-source-manifest.json",1.0840363702422147,sharpmod_hrrr_toi_experimental_v4,noaa-hrrr-bdp-pds,sharpmod_fixed_layer_stp_proxy_v1,sharpmod_toi_public_bins_experimental_v1,sharpmod_toi_public_anchor_probability_v1,complete,3,18,7,"0,3,6,9,12,15,18","0,3,6,9,12,15,18",nearest connected 0.5+ fixed-layer STP proxy region to sounding
severe-2019-06-23,severe,2019-06-22T06:00:00+00:00,2019,2019,12,40.065724871321365,-95.1448491363937,model_forecast_maximum_stp,300,29.893319209364037,59.61567903076444,455.2323697152921,16.480500082933816,8.255721462626695,8.5,6,2.92,0.2771,0,"NOAA NCEI Storm Events bulk CSV export d2015-d2025, files and SHA-256 in archive/ncei/ncei-source-manifest.json",1.0840363702422147,sharpmod_hrrr_toi_experimental_v4,noaa-hrrr-bdp-pds,sharpmod_fixed_layer_stp_proxy_v1,sharpmod_toi_public_bins_experimental_v1,sharpmod_toi_public_anchor_probability_v1,complete,3,18,7,"0,3,6,9,12,15,18","0,3,6,9,12,15,18",nearest connected 0.5+ fixed-layer STP proxy region to sounding
severe-2020-08-31,severe,2020-08-30T06:00:00+00:00,2020,2020,12,33.86644206034236,-93.39108213240712,model_forecast_maximum_stp,300,26.023706533132884,51.53202649865909,480.73736311042177,55.2908288882893,2.444013778160716,2.0,8,2.44,0.0155,0,"NOAA NCEI Storm Events bulk CSV export d2015-d2025, files and SHA-256 in archive/ncei/ncei-source-manifest.json",1.0840363702422147,sharpmod_hrrr_toi_experimental_v4,noaa-hrrr-bdp-pds,sharpmod_fixed_layer_stp_proxy_v1,sharpmod_toi_public_bins_experimental_v1,sharpmod_toi_public_anchor_probability_v1,complete,3,18,7,"0,3,6,9,12,15,18","0,3,6,9,12,15,18",nearest connected 0.5+ fixed-layer STP proxy region to sounding
null-2015-03-26,null,2015-03-25T06:00:00+00:00,2015,2015,12,33.61825347238439,-96.89280027046527,model_forecast_maximum_stp,500,16.445689144056747,90.6590952994087,537.4379838720238,23.163548557921672,3.0680482834615312,3.0,3,2.15,0.0123,0,"NOAA NCEI Storm Events bulk CSV export d2015-d2025, files and SHA-256 in archive/ncei/ncei-source-manifest.json",1.0840363702422147,sharpmod_hrrr_toi_experimental_v4,noaa-hrrr-bdp-pds,sharpmod_fixed_layer_stp_proxy_v1,sharpmod_toi_public_bins_experimental_v1,sharpmod_toi_public_anchor_probability_v1,degraded,3,15,6,"0,3,6,9,12,15,18","0,3,6,9,12,15",nearest connected 0.5+ fixed-layer STP proxy region to sounding
severe-2025-04-04,severe,2025-04-03T06:00:00+00:00,2025,2025,12,31.920321149839005,-93.11395828451668,model_forecast_maximum_stp,500,4.017848790200234,130.1750814480193,672.6900059970094,339.20287817181975,11.492,10.5,4,0.98,0.0155,0,"NOAA NCEI Storm Events bulk CSV export d2015-d2025, files and SHA-256 in archive/ncei/ncei-source-manifest.json",1.0840363702422147,sharpmod_hrrr_toi_experimental_v4,noaa-hrrr-bdp-pds,sharpmod_fixed_layer_stp_proxy_v1,sharpmod_toi_public_bins_experimental_v1,sharpmod_toi_public_anchor_probability_v1,complete,3,18,7,"0,3,6,9,12,15,18","0,3,6,9,12,15,18",nearest connected 0.5+ fixed-layer STP proxy region to sounding
severe-2015-05-17,severe,2015-05-16T06:00:00+00:00,2015,2015,12,42.992885141397544,-96.3671703709532,model_forecast_maximum_stp,500,24.38558682680052,54.374621812391226,69.26689256643057,59.389910074409954,4.729233333333333,4.5,5,2.3,0.0273,0,"NOAA NCEI Storm Events bulk CSV export d2015-d2025, files and SHA-256 in archive/ncei/ncei-source-manifest.json",1.0840363702422147,sharpmod_hrrr_toi_experimental_v4,noaa-hrrr-bdp-pds,sharpmod_fixed_layer_stp_proxy_v1,sharpmod_toi_public_bins_experimental_v1,sharpmod_toi_public_anchor_probability_v1,degraded,3,15,6,"0,3,6,9,12,15,18","0,3,6,9,12,15",nearest connected 0.5+ fixed-layer STP proxy region to sounding
severe-2020-05-03,severe,2020-05-02T06:00:00+00:00,2020,2020,12,34.260877707875736,-96.49641547312933,model_forecast_maximum_stp,500,14.99339088655866,52.71839101948342,742.491967234714,343.6712575022071,2.008047352968568,2.0,5,1.5,0.01,0,"NOAA NCEI Storm Events bulk CSV export d2015-d2025, files and SHA-256 in archive/ncei/ncei-source-manifest.json",1.0840363702422147,sharpmod_hrrr_toi_experimental_v4,noaa-hrrr-bdp-pds,sharpmod_fixed_layer_stp_proxy_v1,sharpmod_toi_public_bins_experimental_v1,sharpmod_toi_public_anchor_probability_v1,complete,3,18,7,"0,3,6,9,12,15,18","0,3,6,9,12,15,18",nearest connected 0.5+ fixed-layer STP proxy region to sounding
null-2018-08-31,null,2018-08-30T06:00:00+00:00,2018,2018,6,41.705874741232385,-97.68665269378727,model_forecast_maximum_stp,300,35.418685673582765,55.792175287377084,376.27325872828754,212.7925360558013,5.740188008109497,6.5,8,3.38,0.3262,0,"NOAA NCEI Storm Events bulk CSV export d2015-d2025, files and SHA-256 in archive/ncei/ncei-source-manifest.json",1.0840363702422147,sharpmod_hrrr_toi_experimental_v4,noaa-hrrr-bdp-pds,sharpmod_fixed_layer_stp_proxy_v1,sharpmod_toi_public_bins_experimental_v1,sharpmod_toi_public_anchor_probability_v1,complete,3,18,7,"0,3,6,9,12,15,18","0,3,6,9,12,15,18",nearest connected 0.5+ fixed-layer STP proxy region to sounding
null-2020-07-05,null,2020-07-04T06:00:00+00:00,2020,2020,18,46.81193414925,-100.97753290382332,model_forecast_maximum_stp,300,11.818601680051614,65.15013315404879,19.85971394885131,340.03309356166005,3.943574018089375,4.5,7,1.28,0.01,0,"NOAA NCEI Storm Events bulk CSV export d2015-d2025, files and SHA-256 in archive/ncei/ncei-source-manifest.json",1.0840363702422147,sharpmod_hrrr_toi_experimental_v4,noaa-hrrr-bdp-pds,sharpmod_fixed_layer_stp_proxy_v1,sharpmod_toi_public_bins_experimental_v1,sharpmod_toi_public_anchor_probability_v1,complete,3,18,7,"0,3,6,9,12,15,18","0,3,6,9,12,15,18",nearest connected 0.5+ fixed-layer STP proxy region to sounding
null-2022-06-10,null,2022-06-09T06:00:00+00:00,2022,2022,18,29.981043546974462,-88.02837108237685,model_forecast_maximum_stp,300,1.2344883786756744,112.13987380865998,1113.2547362063851,7.260275200880756,1.5439928494934037,2.0,6,0.74,0.01,0,"NOAA NCEI Storm Events bulk CSV export d2015-d2025, files and SHA-256 in archive/ncei/ncei-source-manifest.json",1.0840363702422147,sharpmod_hrrr_toi_experimental_v4,noaa-hrrr-bdp-pds,sharpmod_fixed_layer_stp_proxy_v1,sharpmod_toi_public_bins_experimental_v1,sharpmod_toi_public_anchor_probability_v1,complete,3,18,7,"0,3,6,9,12,15,18","0,3,6,9,12,15,18",nearest connected 0.5+ fixed-layer STP proxy region to sounding
outbreak-2024-07-08,outbreak,2024-07-07T06:00:00+00:00,2024,2024,12,35.87949303189258,-96.8737791632962,model_forecast_maximum_stp,300,8.960797570904527,51.329144875617736,54.494833781010215,200.3014874991745,1.342500598207039,1.0,7,0.74,0.01,1,"NOAA NCEI Storm Events bulk CSV export d2015-d2025, files and SHA-256 in archive/ncei/ncei-source-manifest.json",0.51426978,sharpmod_hrrr_toi_experimental_v4,noaa-hrrr-bdp-pds,sharpmod_fixed_layer_stp_proxy_v1,sharpmod_toi_public_bins_experimental_v1,sharpmod_toi_public_anchor_probability_v1,complete,3,18,7,"0,3,6,9,12,15,18","0,3,6,9,12,15,18",nearest connected 0.5+ fixed-layer STP proxy region to sounding
null-2021-03-04,null,2021-03-03T06:00:00+00:00,2021,2021,6,28.295750088738934,-82.01237201717339,model_forecast_maximum_stp,500,23.823043107087422,84.34376940938328,387.762526037372,40.768239369202036,1.013515233513299,1.0,3,2.66,0.0171,0,"NOAA NCEI Storm Events bulk CSV export d2015-d2025, files and SHA-256 in archive/ncei/ncei-source-manifest.json",1.0840363702422147,sharpmod_hrrr_toi_experimental_v4,noaa-hrrr-bdp-pds,sharpmod_fixed_layer_stp_proxy_v1,sharpmod_toi_public_bins_experimental_v1,sharpmod_toi_public_anchor_probability_v1,complete,3,18,7,"0,3,6,9,12,15,18","0,3,6,9,12,15,18",nearest connected 0.5+ fixed-layer STP proxy region to sounding
null-2021-04-17,null,2021-04-16T06:00:00+00:00,2021,2021,12,27.700824223900728,-80.30051666341978,model_forecast_maximum_stp,500,25.46927580033522,54.24303558874615,290.720160847681,348.8069221486217,1.4879992847868129,1.0,4,2.39,0.01,0,"NOAA NCEI Storm Events bulk CSV export d2015-d2025, files and SHA-256 in archive/ncei/ncei-source-manifest.json",1.0840363702422147,sharpmod_hrrr_toi_experimental_v4,noaa-hrrr-bdp-pds,sharpmod_fixed_layer_stp_proxy_v1,sharpmod_toi_public_bins_experimental_v1,sharpmod_toi_public_anchor_probability_v1,complete,3,18,7,"0,3,6,9,12,15,18","0,3,6,9,12,15,18",nearest connected 0.5+ fixed-layer STP proxy region to sounding
null-2022-08-06,null,2022-08-05T06:00:00+00:00,2022,2022,18,45.2511819033747,-98.15340639741453,model_forecast_maximum_stp,300,6.745508528654093,131.96493544752278,356.3840372076207,314.89546813997123,4.823978049471884,4.5,8,1.21,0.01,0,"NOAA NCEI Storm Events bulk CSV export d2015-d2025, files and SHA-256 in archive/ncei/ncei-source-manifest.json",1.0840363702422147,sharpmod_hrrr_toi_experimental_v4,noaa-hrrr-bdp-pds,sharpmod_fixed_layer_stp_proxy_v1,sharpmod_toi_public_bins_experimental_v1,sharpmod_toi_public_anchor_probability_v1,complete,3,18,7,"0,3,6,9,12,15,18","0,3,6,9,12,15,18",nearest connected 0.5+ fixed-layer STP proxy region to sounding
outbreak-2020-04-13,outbreak,2020-04-12T06:00:00+00:00,2020,2020,18,31.672087311657307,-88.96168963893837,model_forecast_maximum_stp,500,59.766074295072634,68.78388554694794,217.5201455560394,1.63540161427062,9.910533333333333,10.5,4,4.18,0.9044,1,"NOAA NCEI Storm Events bulk CSV export d2015-d2025, files and SHA-256 in archive/ncei/ncei-source-manifest.json",0.51426978,sharpmod_hrrr_toi_experimental_v4,noaa-hrrr-bdp-pds,sharpmod_fixed_layer_stp_proxy_v1,sharpmod_toi_public_bins_experimental_v1,sharpmod_toi_public_anchor_probability_v1,complete,3,18,7,"0,3,6,9,12,15,18","0,3,6,9,12,15,18",nearest connected 0.5+ fixed-layer STP proxy region to sounding
null-2021-07-27,null,2021-07-26T06:00:00+00:00,2021,2021,12,45.25266653131175,-97.69683787394462,model_forecast_maximum_stp,300,5.489242962230699,97.84448813449245,393.3291306346428,32.09149497293424,2.4157452319822794,2.0,7,0.85,0.01,0,"NOAA NCEI Storm Events bulk CSV export d2015-d2025, files and SHA-256 in archive/ncei/ncei-source-manifest.json",1.0840363702422147,sharpmod_hrrr_toi_experimental_v4,noaa-hrrr-bdp-pds,sharpmod_fixed_layer_stp_proxy_v1,sharpmod_toi_public_bins_experimental_v1,sharpmod_toi_public_anchor_probability_v1,complete,3,18,7,"0,3,6,9,12,15,18","0,3,6,9,12,15,18",nearest connected 0.5+ fixed-layer STP proxy region to sounding
null-2022-05-28,null,2022-05-27T06:00:00+00:00,2022,2022,6,36.276693780488486,-78.68180641249324,model_forecast_maximum_stp,500,19.545054915042282,67.42168522392822,119.89578256435273,322.5664375094766,2.003864377944056,2.0,5,2.19,0.01,0,"NOAA NCEI Storm Events bulk CSV export d2015-d2025, files and SHA-256 in archive/ncei/ncei-source-manifest.json",1.0840363702422147,sharpmod_hrrr_toi_experimental_v4,noaa-hrrr-bdp-pds,sharpmod_fixed_layer_stp_proxy_v1,sharpmod_toi_public_bins_experimental_v1,sharpmod_toi_public_anchor_probability_v1,complete,3,18,7,"0,3,6,9,12,15,18","0,3,6,9,12,15,18",nearest connected 0.5+ fixed-layer STP proxy region to sounding
severe-2017-03-24,severe,2017-03-23T06:00:00+00:00,2017,2017,12,41.70445901864543,-98.11959748687957,model_forecast_maximum_stp,500,29.335659097475748,95.31953003304578,95.16737400799691,164.08152233168187,3.5394095084735233,4.5,3,3.13,0.1288,0,"NOAA NCEI Storm Events bulk CSV export d2015-d2025, files and SHA-256 in archive/ncei/ncei-source-manifest.json",1.0840363702422147,sharpmod_hrrr_toi_experimental_v4,noaa-hrrr-bdp-pds,sharpmod_fixed_layer_stp_proxy_v1,sharpmod_toi_public_bins_experimental_v1,sharpmod_toi_public_anchor_probability_v1,complete,3,18,7,"0,3,6,9,12,15,18","0,3,6,9,12,15,18",nearest connected 0.5+ fixed-layer STP proxy region to sounding
null-2022-08-16,null,2022-08-15T06:00:00+00:00,2022,2022,6,40.08864582730905,-97.68236350322667,model_forecast_maximum_stp,300,5.371822664872069,55.34194335910754,577.3236373246215,21.566952193848465,2.5161661448120065,3.0,8,0.83,0.01,0,"NOAA NCEI Storm Events bulk CSV export d2015-d2025, files and SHA-256 in archive/ncei/ncei-source-manifest.json",1.0840363702422147,sharpmod_hrrr_toi_experimental_v4,noaa-hrrr-bdp-pds,sharpmod_fixed_layer_stp_proxy_v1,sharpmod_toi_public_bins_experimental_v1,sharpmod_toi_public_anchor_probability_v1,complete,3,18,7,"0,3,6,9,12,15,18","0,3,6,9,12,15,18",nearest connected 0.5+ fixed-layer STP proxy region to sounding
severe-2022-08-28,severe,2022-08-27T06:00:00+00:00,2022,2022,6,48.43659747050153,-95.30547360412862,model_forecast_maximum_stp,300,28.00877630920009,77.59933182979634,45.03815622072572,223.74981361191396,2.396073552591106,2.0,8,3.02,0.0479,0,"NOAA NCEI Storm Events bulk CSV export d2015-d2025, files and SHA-256 in archive/ncei/ncei-source-manifest.json",1.0840363702422147,sharpmod_hrrr_toi_experimental_v4,noaa-hrrr-bdp-pds,sharpmod_fixed_layer_stp_proxy_v1,sharpmod_toi_public_bins_experimental_v1,sharpmod_toi_public_anchor_probability_v1,complete,3,18,7,"0,3,6,9,12,15,18","0,3,6,9,12,15,18",nearest connected 0.5+ fixed-layer STP proxy region to sounding
outbreak-2025-04-05,outbreak,2025-04-04T06:00:00+00:00,2025,2025,18,33.49503688170647,-92.24917235789275,model_forecast_maximum_stp,500,5.036984496663951,96.45291656666093,629.0889984949765,331.122693614967,12.424733333333334,12.0,4,1.07,0.0305,1,"NOAA NCEI Storm Events bulk CSV export d2015-d2025, files and SHA-256 in archive/ncei/ncei-source-manifest.json",0.51426978,sharpmod_hrrr_toi_experimental_v4,noaa-hrrr-bdp-pds,sharpmod_fixed_layer_stp_proxy_v1,sharpmod_toi_public_bins_experimental_v1,sharpmod_toi_public_anchor_probability_v1,complete,3,18,7,"0,3,6,9,12,15,18","0,3,6,9,12,15,18",nearest connected 0.5+ fixed-layer STP proxy region to sounding
null-2018-08-25,null,2018-08-24T06:00:00+00:00,2018,2018,18,39.35917249250515,-93.07344665333324,model_forecast_maximum_stp,300,7.970657163958524,79.44142296223121,42.6011209249892,26.102680873021427,3.9752202757979562,4.5,8,1.32,0.01,0,"NOAA NCEI Storm Events bulk CSV export d2015-d2025, files and SHA-256 in archive/ncei/ncei-source-manifest.json",1.0840363702422147,sharpmod_hrrr_toi_experimental_v4,noaa-hrrr-bdp-pds,sharpmod_fixed_layer_stp_proxy_v1,sharpmod_toi_public_bins_experimental_v1,sharpmod_toi_public_anchor_probability_v1,complete,3,18,7,"0,3,6,9,12,15,18","0,3,6,9,12,15,18",nearest connected 0.5+ fixed-layer STP proxy region to sounding
null-2020-06-12,null,2020-06-11T06:00:00+00:00,2020,2020,12,44.60424852582625,-71.58662216496054,model_forecast_maximum_stp,300,13.134161347650673,116.81315770085324,369.34246088296425,276.19163359599736,2.722933980942052,3.0,6,1.75,0.01,0,"NOAA NCEI Storm Events bulk CSV export d2015-d2025, files and SHA-256 in archive/ncei/ncei-source-manifest.json",1.0840363702422147,sharpmod_hrrr_toi_experimental_v4,noaa-hrrr-bdp-pds,sharpmod_fixed_layer_stp_proxy_v1,sharpmod_toi_public_bins_experimental_v1,sharpmod_toi_public_anchor_probability_v1,complete,3,18,7,"0,3,6,9,12,15,18","0,3,6,9,12,15,18",nearest connected 0.5+ fixed-layer STP proxy region to sounding
null-2024-04-21,null,2024-04-20T06:00:00+00:00,2024,2024,6,28.476530636002853,-98.74525787779021,model_forecast_maximum_stp,500,32.07782050706035,53.39024776913203,414.6264496305616,5.007152037569085,3.0394666666666668,3.0,4,2.95,0.0581,0,"NOAA NCEI Storm Events bulk CSV export d2015-d2025, files and SHA-256 in archive/ncei/ncei-source-manifest.json",1.0840363702422147,sharpmod_hrrr_toi_experimental_v4,noaa-hrrr-bdp-pds,sharpmod_fixed_layer_stp_proxy_v1,sharpmod_toi_public_bins_experimental_v1,sharpmod_toi_public_anchor_probability_v1,complete,3,18,7,"0,3,6,9,12,15,18","0,3,6,9,12,15,18",nearest connected 0.5+ fixed-layer STP proxy region to sounding
outbreak-2023-03-24,outbreak,2023-03-23T06:00:00+00:00,2023,2023,6,37.25213181598311,-89.94087034836559,model_forecast_maximum_stp,500,9.43176321038182,109.04085389047646,591.6579107225119,21.922833781761085,6.2461866666666666,6.5,3,1.44,0.01,1,"NOAA NCEI Storm Events bulk CSV export d2015-d2025, files and SHA-256 in archive/ncei/ncei-source-manifest.json",0.51426978,sharpmod_hrrr_toi_experimental_v4,noaa-hrrr-bdp-pds,sharpmod_fixed_layer_stp_proxy_v1,sharpmod_toi_public_bins_experimental_v1,sharpmod_toi_public_anchor_probability_v1,complete,3,18,7,"0,3,6,9,12,15,18","0,3,6,9,12,15,18",nearest connected 0.5+ fixed-layer STP proxy region to sounding
null-2023-07-05,null,2023-07-04T06:00:00+00:00,2023,2023,18,43.641203257931004,-96.8010304389299,model_forecast_maximum_stp,300,5.092245307860942,62.44497172284474,67.98617998538738,323.3706121744493,1.656326687347572,2.0,7,0.56,0.01,0,"NOAA NCEI Storm Events bulk CSV export d2015-d2025, files and SHA-256 in archive/ncei/ncei-source-manifest.json",1.0840363702422147,sharpmod_hrrr_toi_experimental_v4,noaa-hrrr-bdp-pds,sharpmod_fixed_layer_stp_proxy_v1,sharpmod_toi_public_bins_experimental_v1,sharpmod_toi_public_anchor_probability_v1,complete,3,18,7,"0,3,6,9,12,15,18","0,3,6,9,12,15,18",nearest connected 0.5+ fixed-layer STP proxy region to sounding
null-2019-07-24,null,2019-07-23T06:00:00+00:00,2019,2019,18,36.318750152899085,-77.0276008194478,model_forecast_maximum_stp,300,18.57936973209142,56.65859065462377,49.01332164193583,335.76975221662104,2.5844926885211463,3.0,7,1.7,0.01,0,"NOAA NCEI Storm Events bulk CSV export d2015-d2025, files and SHA-256 in archive/ncei/ncei-source-manifest.json",1.0840363702422147,sharpmod_hrrr_toi_experimental_v4,noaa-hrrr-bdp-pds,sharpmod_fixed_layer_stp_proxy_v1,sharpmod_toi_public_bins_experimental_v1,sharpmod_toi_public_anchor_probability_v1,complete,3,18,7,"0,3,6,9,12,15,18","0,3,6,9,12,15,18",nearest connected 0.5+ fixed-layer STP proxy region to sounding
outbreak-2016-05-22,outbreak,2016-05-21T06:00:00+00:00,2016,2016,12,45.41673562071717,-108.71141604339232,model_forecast_maximum_stp,500,51.03009351517597,52.68766359549446,321.36087186619574,294.8525257673051,3.247122328330655,3.0,5,4.14,0.3998,1,"NOAA NCEI Storm Events bulk CSV export d2015-d2025, files and SHA-256 in archive/ncei/ncei-source-manifest.json",0.51426978,sharpmod_hrrr_toi_experimental_v4,noaa-hrrr-bdp-pds,sharpmod_fixed_layer_stp_proxy_v1,sharpmod_toi_public_bins_experimental_v1,sharpmod_toi_public_anchor_probability_v1,degraded,3,15,6,"0,3,6,9,12,15,18","0,3,6,9,12,15",nearest connected 0.5+ fixed-layer STP proxy region to sounding
null-2024-08-13,null,2024-08-12T06:00:00+00:00,2024,2024,6,35.881088809049686,-97.67208214963597,model_forecast_maximum_stp,300,3.695823794729547,91.18863543761539,590.5394985178629,34.28338845086512,2.5087314474260394,3.0,8,1.06,0.01,0,"NOAA NCEI Storm Events bulk CSV export d2015-d2025, files and SHA-256 in archive/ncei/ncei-source-manifest.json",1.0840363702422147,sharpmod_hrrr_toi_experimental_v4,noaa-hrrr-bdp-pds,sharpmod_fixed_layer_stp_proxy_v1,sharpmod_toi_public_bins_experimental_v1,sharpmod_toi_public_anchor_probability_v1,complete,3,18,7,"0,3,6,9,12,15,18","0,3,6,9,12,15,18",nearest connected 0.5+ fixed-layer STP proxy region to sounding
severe-2021-05-13,severe,2021-05-12T06:00:00+00:00,2021,2021,18,30.436633153726344,-86.10212654901255,model_forecast_maximum_stp,500,16.315804065766915,54.07926425428154,489.75307606901987,12.720623954623875,2.274696445808865,2.0,5,1.61,0.01,0,"NOAA NCEI Storm Events bulk CSV export d2015-d2025, files and SHA-256 in archive/ncei/ncei-source-manifest.json",1.0840363702422147,sharpmod_hrrr_toi_experimental_v4,noaa-hrrr-bdp-pds,sharpmod_fixed_layer_stp_proxy_v1,sharpmod_toi_public_bins_experimental_v1,sharpmod_toi_public_anchor_probability_v1,complete,3,18,7,"0,3,6,9,12,15,18","0,3,6,9,12,15,18",nearest connected 0.5+ fixed-layer STP proxy region to sounding
outbreak-2022-11-04,outbreak,2022-11-03T06:00:00+00:00,2022,2022,12,38.77246628659048,-99.75546411690988,model_forecast_maximum_stp,500,24.83023652135813,95.98505317008104,272.80136629832504,242.26953043922248,1.98,2.0,11,2.75,0.0285,1,"NOAA NCEI Storm Events bulk CSV export d2015-d2025, files and SHA-256 in archive/ncei/ncei-source-manifest.json",0.51426978,sharpmod_hrrr_toi_experimental_v4,noaa-hrrr-bdp-pds,sharpmod_fixed_layer_stp_proxy_v1,sharpmod_toi_public_bins_experimental_v1,sharpmod_toi_public_anchor_probability_v1,complete,3,18,7,"0,3,6,9,12,15,18","0,3,6,9,12,15,18",nearest connected 0.5+ fixed-layer STP proxy region to sounding
severe-2019-08-18,severe,2019-08-17T06:00:00+00:00,2019,2019,12,39.75571203393811,-95.99738458427379,model_forecast_maximum_stp,300,49.76289143431544,67.7513199507918,20.619700551487945,126.4985162958576,12.304693333333333,12.0,8,3.76,0.8724,0,"NOAA NCEI Storm Events bulk CSV export d2015-d2025, files and SHA-256 in archive/ncei/ncei-source-manifest.json",1.0840363702422147,sharpmod_hrrr_toi_experimental_v4,noaa-hrrr-bdp-pds,sharpmod_fixed_layer_stp_proxy_v1,sharpmod_toi_public_bins_experimental_v1,sharpmod_toi_public_anchor_probability_v1,complete,3,18,7,"0,3,6,9,12,15,18","0,3,6,9,12,15,18",nearest connected 0.5+ fixed-layer STP proxy region to sounding
outbreak-2025-05-19,outbreak,2025-05-18T06:00:00+00:00,2025,2025,12,35.2328660502616,-96.87916389015027,model_forecast_maximum_stp,500,35.807806083988474,60.31117567456322,114.71751951467184,276.5261514540589,10.9662,10.5,5,3.44,0.6829,1,"NOAA NCEI Storm Events bulk CSV export d2015-d2025, files and SHA-256 in archive/ncei/ncei-source-manifest.json",0.51426978,sharpmod_hrrr_toi_experimental_v4,noaa-hrrr-bdp-pds,sharpmod_fixed_layer_stp_proxy_v1,sharpmod_toi_public_bins_experimental_v1,sharpmod_toi_public_anchor_probability_v1,complete,3,18,7,"0,3,6,9,12,15,18","0,3,6,9,12,15,18",nearest connected 0.5+ fixed-layer STP proxy region to sounding
null-2018-05-06,null,2018-05-05T06:00:00+00:00,2018,2018,18,43.24952522682074,-93.26032721731087,model_forecast_maximum_stp,500,6.431365253323492,79.17595003975951,785.4054164356232,40.93426018782037,1.9749722402960503,2.0,5,1.18,0.01,0,"NOAA NCEI Storm Events bulk CSV export d2015-d2025, files and SHA-256 in archive/ncei/ncei-source-manifest.json",1.0840363702422147,sharpmod_hrrr_toi_experimental_v4,noaa-hrrr-bdp-pds,sharpmod_fixed_layer_stp_proxy_v1,sharpmod_toi_public_bins_experimental_v1,sharpmod_toi_public_anchor_probability_v1,complete,3,18,7,"0,3,6,9,12,15,18","0,3,6,9,12,15,18",nearest connected 0.5+ fixed-layer STP proxy region to sounding
null-2018-04-04,null,2018-04-03T06:00:00+00:00,2018,2018,18,35.5851443981909,-89.31147085017193,model_forecast_maximum_stp,500,36.27848201369555,60.12888052446418,56.14692388767419,20.629547360417064,5.672907358432165,6.5,4,3.45,0.3577,0,"NOAA NCEI Storm Events bulk CSV export d2015-d2025, files and SHA-256 in archive/ncei/ncei-source-manifest.json",1.0840363702422147,sharpmod_hrrr_toi_experimental_v4,noaa-hrrr-bdp-pds,sharpmod_fixed_layer_stp_proxy_v1,sharpmod_toi_public_bins_experimental_v1,sharpmod_toi_public_anchor_probability_v1,complete,3,18,7,"0,3,6,9,12,15,18","0,3,6,9,12,15,18",nearest connected 0.5+ fixed-layer STP proxy region to sounding
null-2022-06-01,null,2022-05-31T06:00:00+00:00,2022,2022,12,38.115293415031275,-94.79667481512223,model_forecast_maximum_stp,500,8.42454363194978,105.94380851921213,601.5961843477362,6.011557526774823,10.933855298718642,10.5,5,1.35,0.0319,0,"NOAA NCEI Storm Events bulk CSV export d2015-d2025, files and SHA-256 in archive/ncei/ncei-source-manifest.json",1.0840363702422147,sharpmod_hrrr_toi_experimental_v4,noaa-hrrr-bdp-pds,sharpmod_fixed_layer_stp_proxy_v1,sharpmod_toi_public_bins_experimental_v1,sharpmod_toi_public_anchor_probability_v1,complete,3,18,7,"0,3,6,9,12,15,18","0,3,6,9,12,15,18",nearest connected 0.5+ fixed-layer STP proxy region to sounding
severe-2025-08-28,severe,2025-08-27T06:00:00+00:00,2025,2025,12,36.50731701332499,-99.68642084295658,model_forecast_maximum_stp,300,36.63002535405415,52.59451108919624,307.7283702187351,45.433314210577805,2.290237884886525,2.0,8,3.26,0.0752,0,"NOAA NCEI Storm Events bulk CSV export d2015-d2025, files and SHA-256 in archive/ncei/ncei-source-manifest.json",1.0840363702422147,sharpmod_hrrr_toi_experimental_v4,noaa-hrrr-bdp-pds,sharpmod_fixed_layer_stp_proxy_v1,sharpmod_toi_public_bins_experimental_v1,sharpmod_toi_public_anchor_probability_v1,complete,3,18,7,"0,3,6,9,12,15,18","0,3,6,9,12,15,18",nearest connected 0.5+ fixed-layer STP proxy region to sounding
severe-2019-06-16,severe,2019-06-15T06:00:00+00:00,2019,2019,6,37.43342356159567,-93.59819966450999,model_forecast_maximum_stp,300,29.889340870994626,57.341211008136845,243.79086619224952,56.96090225622709,5.220960641691896,4.5,6,2.92,0.0885,0,"NOAA NCEI Storm Events bulk CSV export d2015-d2025, files and SHA-256 in archive/ncei/ncei-source-manifest.json",1.0840363702422147,sharpmod_hrrr_toi_experimental_v4,noaa-hrrr-bdp-pds,sharpmod_fixed_layer_stp_proxy_v1,sharpmod_toi_public_bins_experimental_v1,sharpmod_toi_public_anchor_probability_v1,complete,3,18,7,"0,3,6,9,12,15,18","0,3,6,9,12,15,18",nearest connected 0.5+ fixed-layer STP proxy region to sounding
null-2021-08-14,null,2021-08-13T06:00:00+00:00,2021,2021,12,37.35673215349631,-75.4766699392697,model_forecast_maximum_stp,300,2.9921873323210346,115.40327471016793,1093.9927347802634,337.4549165538593,1.0727079171347493,1.0,8,0.89,0.01,0,"NOAA NCEI Storm Events bulk CSV export d2015-d2025, files and SHA-256 in archive/ncei/ncei-source-manifest.json",1.0840363702422147,sharpmod_hrrr_toi_experimental_v4,noaa-hrrr-bdp-pds,sharpmod_fixed_layer_stp_proxy_v1,sharpmod_toi_public_bins_experimental_v1,sharpmod_toi_public_anchor_probability_v1,complete,3,18,7,"0,3,6,9,12,15,18","0,3,6,9,12,15,18",nearest connected 0.5+ fixed-layer STP proxy region to sounding
severe-2024-02-09,severe,2024-02-08T06:00:00+00:00,2024,2024,12,41.73736547413596,-89.01168006415838,model_forecast_maximum_stp,500,14.540593897125442,104.90657983609948,346.53492432050524,195.57951428891855,2.1677728152213587,2.0,2,1.87,0.01,0,"NOAA NCEI Storm Events bulk CSV export d2015-d2025, files and SHA-256 in archive/ncei/ncei-source-manifest.json",1.0840363702422147,sharpmod_hrrr_toi_experimental_v4,noaa-hrrr-bdp-pds,sharpmod_fixed_layer_stp_proxy_v1,sharpmod_toi_public_bins_experimental_v1,sharpmod_toi_public_anchor_probability_v1,complete,3,18,7,"0,3,6,9,12,15,18","0,3,6,9,12,15,18",nearest connected 0.5+ fixed-layer STP proxy region to sounding
outbreak-2024-11-03,outbreak,2024-11-02T06:00:00+00:00,2024,2024,18,31.961894210111417,-100.69757264363,model_forecast_maximum_stp,500,39.42355209202366,58.437835243389095,186.966652882026,357.0574902312688,3.4294340610420537,3.0,11,3.72,0.2233,1,"NOAA NCEI Storm Events bulk CSV export d2015-d2025, files and SHA-256 in archive/ncei/ncei-source-manifest.json",0.51426978,sharpmod_hrrr_toi_experimental_v4,noaa-hrrr-bdp-pds,sharpmod_fixed_layer_stp_proxy_v1,sharpmod_toi_public_bins_experimental_v1,sharpmod_toi_public_anchor_probability_v1,complete,3,18,7,"0,3,6,9,12,15,18","0,3,6,9,12,15,18",nearest connected 0.5+ fixed-layer STP proxy region to sounding
severe-2016-04-29,severe,2016-04-28T06:00:00+00:00,2016,2016,12,28.152009673631923,-95.84893292334766,model_forecast_maximum_stp,500,24.022817030428318,54.43399049237866,868.0931885178138,6.165479913686966,3.144192707161656,3.0,4,2.27,0.0156,0,"NOAA NCEI Storm Events bulk CSV export d2015-d2025, files and SHA-256 in archive/ncei/ncei-source-manifest.json",1.0840363702422147,sharpmod_hrrr_toi_experimental_v4,noaa-hrrr-bdp-pds,sharpmod_fixed_layer_stp_proxy_v1,sharpmod_toi_public_bins_experimental_v1,sharpmod_toi_public_anchor_probability_v1,degraded,3,15,6,"0,3,6,9,12,15,18","0,3,6,9,12,15",nearest connected 0.5+ fixed-layer STP proxy region to sounding
null-2019-08-27,null,2019-08-26T06:00:00+00:00,2019,2019,6,36.513417778813796,-95.66058868616437,model_forecast_maximum_stp,300,26.337203629546647,51.44966894137872,324.97917832645703,48.80173265429187,7.005440000000002,6.5,8,2.46,0.0714,0,"NOAA NCEI Storm Events bulk CSV export d2015-d2025, files and SHA-256 in archive/ncei/ncei-source-manifest.json",1.0840363702422147,sharpmod_hrrr_toi_experimental_v4,noaa-hrrr-bdp-pds,sharpmod_fixed_layer_stp_proxy_v1,sharpmod_toi_public_bins_experimental_v1,sharpmod_toi_public_anchor_probability_v1,complete,3,18,7,"0,3,6,9,12,15,18","0,3,6,9,12,15,18",nearest connected 0.5+ fixed-layer STP proxy region to sounding
severe-2024-08-06,severe,2024-08-05T06:00:00+00:00,2024,2024,6,43.296541326937174,-95.03144719501995,model_forecast_maximum_stp,300,35.93425764835271,57.32529831699708,189.69491758111485,301.2887095130577,6.49152883421644,6.5,8,3.48,0.3716,0,"NOAA NCEI Storm Events bulk CSV export d2015-d2025, files and SHA-256 in archive/ncei/ncei-source-manifest.json",1.0840363702422147,sharpmod_hrrr_toi_experimental_v4,noaa-hrrr-bdp-pds,sharpmod_fixed_layer_stp_proxy_v1,sharpmod_toi_public_bins_experimental_v1,sharpmod_toi_public_anchor_probability_v1,complete,3,18,7,"0,3,6,9,12,15,18","0,3,6,9,12,15,18",nearest connected 0.5+ fixed-layer STP proxy region to sounding
null-2020-04-10,null,2020-04-09T06:00:00+00:00,2020,2020,12,31.995174088370817,-95.76671868849536,model_forecast_maximum_stp,500,11.149943667048516,123.82265310327665,701.0455120578089,358.43017919606825,5.071857036055045,4.5,4,1.59,0.01,0,"NOAA NCEI Storm Events bulk CSV export d2015-d2025, files and SHA-256 in archive/ncei/ncei-source-manifest.json",1.0840363702422147,sharpmod_hrrr_toi_experimental_v4,noaa-hrrr-bdp-pds,sharpmod_fixed_layer_stp_proxy_v1,sharpmod_toi_public_bins_experimental_v1,sharpmod_toi_public_anchor_probability_v1,complete,3,18,7,"0,3,6,9,12,15,18","0,3,6,9,12,15,18",nearest connected 0.5+ fixed-layer STP proxy region to sounding
severe-2017-04-14,severe,2017-04-13T06:00:00+00:00,2017,2017,6,31.14319592054225,-104.42270540278446,model_forecast_maximum_stp,500,27.090590123942615,52.37093786804892,644.0133911103437,84.31438566191628,2.087760753137479,2.0,4,2.53,0.0185,0,"NOAA NCEI Storm Events bulk CSV export d2015-d2025, files and SHA-256 in archive/ncei/ncei-source-manifest.json",1.0840363702422147,sharpmod_hrrr_toi_experimental_v4,noaa-hrrr-bdp-pds,sharpmod_fixed_layer_stp_proxy_v1,sharpmod_toi_public_bins_experimental_v1,sharpmod_toi_public_anchor_probability_v1,complete,3,18,7,"0,3,6,9,12,15,18","0,3,6,9,12,15,18",nearest connected 0.5+ fixed-layer STP proxy region to sounding
null-2019-04-05,null,2019-04-04T06:00:00+00:00,2019,2019,6,30.703604989942658,-95.42173045110547,model_forecast_maximum_stp,500,22.08015475057397,61.52595221361597,167.46621578511744,27.21711592321782,5.241333333333333,4.5,4,2.25,0.0248,0,"NOAA NCEI Storm Events bulk CSV export d2015-d2025, files and SHA-256 in archive/ncei/ncei-source-manifest.json",1.0840363702422147,sharpmod_hrrr_toi_experimental_v4,noaa-hrrr-bdp-pds,sharpmod_fixed_layer_stp_proxy_v1,sharpmod_toi_public_bins_experimental_v1,sharpmod_toi_public_anchor_probability_v1,complete,3,18,7,"0,3,6,9,12,15,18","0,3,6,9,12,15,18",nearest connected 0.5+ fixed-layer STP proxy region to sounding
severe-2021-06-17,severe,2021-06-16T06:00:00+00:00,2021,2021,6,42.99783975224798,-97.6902321016093,model_forecast_maximum_stp,300,9.556323020925529,128.24128619327504,773.3223649924466,318.05230020573117,4.064523069451311,4.5,6,1.45,0.01,0,"NOAA NCEI Storm Events bulk CSV export d2015-d2025, files and SHA-256 in archive/ncei/ncei-source-manifest.json",1.0840363702422147,sharpmod_hrrr_toi_experimental_v4,noaa-hrrr-bdp-pds,sharpmod_fixed_layer_stp_proxy_v1,sharpmod_toi_public_bins_experimental_v1,sharpmod_toi_public_anchor_probability_v1,complete,3,18,7,"0,3,6,9,12,15,18","0,3,6,9,12,15,18",nearest connected 0.5+ fixed-layer STP proxy region to sounding
severe-2025-11-09,severe,2025-11-08T06:00:00+00:00,2025,2025,18,32.935336336918056,-82.62625790851155,model_forecast_maximum_stp,500,10.61892241347181,52.69992506918812,106.977057378857,5.677224324024621,2.3958653806457466,2.0,11,1.13,0.01,0,"NOAA NCEI Storm Events bulk CSV export d2015-d2025, files and SHA-256 in archive/ncei/ncei-source-manifest.json",1.0840363702422147,sharpmod_hrrr_toi_experimental_v4,noaa-hrrr-bdp-pds,sharpmod_fixed_layer_stp_proxy_v1,sharpmod_toi_public_bins_experimental_v1,sharpmod_toi_public_anchor_probability_v1,complete,3,18,7,"0,3,6,9,12,15,18","0,3,6,9,12,15,18",nearest connected 0.5+ fixed-layer STP proxy region to sounding
null-2020-04-01,null,2020-03-31T06:00:00+00:00,2020,2020,12,32.58434111189374,-85.01300934546578,model_forecast_maximum_stp,500,6.521233369573617,90.36168112609893,557.7074917178824,44.44140737293071,2.9995045603362964,3.0,3,1.3,0.01,0,"NOAA NCEI Storm Events bulk CSV export d2015-d2025, files and SHA-256 in archive/ncei/ncei-source-manifest.json",1.0840363702422147,sharpmod_hrrr_toi_experimental_v4,noaa-hrrr-bdp-pds,sharpmod_fixed_layer_stp_proxy_v1,sharpmod_toi_public_bins_experimental_v1,sharpmod_toi_public_anchor_probability_v1,complete,3,18,7,"0,3,6,9,12,15,18","0,3,6,9,12,15,18",nearest connected 0.5+ fixed-layer STP proxy region to sounding
null-2021-06-15,null,2021-06-14T06:00:00+00:00,2021,2021,12,37.65274356825139,-77.0656078953499,model_forecast_maximum_stp,300,8.205089469655292,101.41033151487224,428.6537482847156,343.03072195499004,2.1589210438251527,2.0,6,1.33,0.01,0,"NOAA NCEI Storm Events bulk CSV export d2015-d2025, files and SHA-256 in archive/ncei/ncei-source-manifest.json",1.0840363702422147,sharpmod_hrrr_toi_experimental_v4,noaa-hrrr-bdp-pds,sharpmod_fixed_layer_stp_proxy_v1,sharpmod_toi_public_bins_experimental_v1,sharpmod_toi_public_anchor_probability_v1,complete,3,18,7,"0,3,6,9,12,15,18","0,3,6,9,12,15,18",nearest connected 0.5+ fixed-layer STP proxy region to sounding
null-2018-03-25,null,2018-03-24T06:00:00+00:00,2018,2018,6,33.777456527534845,-91.45190347706193,model_forecast_maximum_stp,500,52.44921121294638,52.56024532388405,637.8862393922964,348.6518970343285,2.2518580741814156,2.0,3,3.8,0.1932,0,"NOAA NCEI Storm Events bulk CSV export d2015-d2025, files and SHA-256 in archive/ncei/ncei-source-manifest.json",1.0840363702422147,sharpmod_hrrr_toi_experimental_v4,noaa-hrrr-bdp-pds,sharpmod_fixed_layer_stp_proxy_v1,sharpmod_toi_public_bins_experimental_v1,sharpmod_toi_public_anchor_probability_v1,complete,3,18,7,"0,3,6,9,12,15,18","0,3,6,9,12,15,18",nearest connected 0.5+ fixed-layer STP proxy region to sounding
severe-2023-06-09,severe,2023-06-08T06:00:00+00:00,2023,2023,18,29.121247573006126,-98.02355126161979,model_forecast_maximum_stp,300,10.129065552411898,85.17947969620039,559.6098310029365,253.23315484599266,1.5944866666666666,2.0,6,1.61,0.01,0,"NOAA NCEI Storm Events bulk CSV export d2015-d2025, files and SHA-256 in archive/ncei/ncei-source-manifest.json",1.0840363702422147,sharpmod_hrrr_toi_experimental_v4,noaa-hrrr-bdp-pds,sharpmod_fixed_layer_stp_proxy_v1,sharpmod_toi_public_bins_experimental_v1,sharpmod_toi_public_anchor_probability_v1,complete,3,18,7,"0,3,6,9,12,15,18","0,3,6,9,12,15,18",nearest connected 0.5+ fixed-layer STP proxy region to sounding
outbreak-2015-05-24,outbreak,2015-05-23T06:00:00+00:00,2015,2015,12,34.90325436759793,-98.85244568265932,model_forecast_maximum_stp,500,18.35504657586021,54.10886522367403,231.23452297069056,221.90079542652958,5.010544060575872,4.5,5,1.79,0.01,1,"NOAA NCEI Storm Events bulk CSV export d2015-d2025, files and SHA-256 in archive/ncei/ncei-source-manifest.json",0.51426978,sharpmod_hrrr_toi_experimental_v4,noaa-hrrr-bdp-pds,sharpmod_fixed_layer_stp_proxy_v1,sharpmod_toi_public_bins_experimental_v1,sharpmod_toi_public_anchor_probability_v1,degraded,3,15,6,"0,3,6,9,12,15,18","0,3,6,9,12,15",nearest connected 0.5+ fixed-layer STP proxy region to sounding
null-2020-08-24,null,2020-08-23T06:00:00+00:00,2020,2020,12,47.13007425752367,-93.93996658244112,model_forecast_maximum_stp,300,20.48575091858778,61.177293401392056,290.00747336924604,293.0062515904535,1.8604820812536782,2.0,8,2.12,0.01,0,"NOAA NCEI Storm Events bulk CSV export d2015-d2025, files and SHA-256 in archive/ncei/ncei-source-manifest.json",1.0840363702422147,sharpmod_hrrr_toi_experimental_v4,noaa-hrrr-bdp-pds,sharpmod_fixed_layer_stp_proxy_v1,sharpmod_toi_public_bins_experimental_v1,sharpmod_toi_public_anchor_probability_v1,complete,3,18,7,"0,3,6,9,12,15,18","0,3,6,9,12,15,18",nearest connected 0.5+ fixed-layer STP proxy region to sounding
null-2021-08-26,null,2021-08-25T06:00:00+00:00,2021,2021,6,38.793774559150464,-97.26370347287337,model_forecast_maximum_stp,300,36.869931893725834,56.718872216579676,416.11098533379976,23.376820138635765,4.1253934831251495,4.5,8,3.43,0.2122,0,"NOAA NCEI Storm Events bulk CSV export d2015-d2025, files and SHA-256 in archive/ncei/ncei-source-manifest.json",1.0840363702422147,sharpmod_hrrr_toi_experimental_v4,noaa-hrrr-bdp-pds,sharpmod_fixed_layer_stp_proxy_v1,sharpmod_toi_public_bins_experimental_v1,sharpmod_toi_public_anchor_probability_v1,complete,3,18,7,"0,3,6,9,12,15,18","0,3,6,9,12,15,18",nearest connected 0.5+ fixed-layer STP proxy region to sounding
null-2024-04-08,null,2024-04-07T06:00:00+00:00,2024,2024,12,33.133804090111376,-91.50245932130156,model_forecast_maximum_stp,500,11.356652536306209,54.53069248202425,393.5200530538024,144.52852841300137,2.0335046151403677,2.0,4,1.19,0.01,0,"NOAA NCEI Storm Events bulk CSV export d2015-d2025, files and SHA-256 in archive/ncei/ncei-source-manifest.json",1.0840363702422147,sharpmod_hrrr_toi_experimental_v4,noaa-hrrr-bdp-pds,sharpmod_fixed_layer_stp_proxy_v1,sharpmod_toi_public_bins_experimental_v1,sharpmod_toi_public_anchor_probability_v1,complete,3,18,7,"0,3,6,9,12,15,18","0,3,6,9,12,15,18",nearest connected 0.5+ fixed-layer STP proxy region to sounding
null-2016-03-16,null,2016-03-15T06:00:00+00:00,2016,2016,6,33.17312843436985,-92.27170012054853,model_forecast_maximum_stp,500,11.46990201376122,50.28441706004251,22.444293287992927,17.95050466001976,4.260962771289225,4.5,3,1.2,0.01,0,"NOAA NCEI Storm Events bulk CSV export d2015-d2025, files and SHA-256 in archive/ncei/ncei-source-manifest.json",1.0840363702422147,sharpmod_hrrr_toi_experimental_v4,noaa-hrrr-bdp-pds,sharpmod_fixed_layer_stp_proxy_v1,sharpmod_toi_public_bins_experimental_v1,sharpmod_toi_public_anchor_probability_v1,degraded,3,15,6,"0,3,6,9,12,15,18","0,3,6,9,12,15",nearest connected 0.5+ fixed-layer STP proxy region to sounding
severe-2018-12-02,severe,2018-12-01T06:00:00+00:00,2018,2018,18,33.85298023111506,-87.93588383496865,model_forecast_maximum_stp,500,11.102240245421951,59.919882748498836,347.8236520675072,85.65685330577031,4.8048,4.5,12,1.32,0.01,0,"NOAA NCEI Storm Events bulk CSV export d2015-d2025, files and SHA-256 in archive/ncei/ncei-source-manifest.json",1.0840363702422147,sharpmod_hrrr_toi_experimental_v4,noaa-hrrr-bdp-pds,sharpmod_fixed_layer_stp_proxy_v1,sharpmod_toi_public_bins_experimental_v1,sharpmod_toi_public_anchor_probability_v1,complete,3,18,7,"0,3,6,9,12,15,18","0,3,6,9,12,15,18",nearest connected 0.5+ fixed-layer STP proxy region to sounding
outbreak-2016-02-24,outbreak,2016-02-23T06:00:00+00:00,2016,2016,6,29.109300391461655,-95.82924919315587,model_forecast_maximum_stp,500,16.988529700723674,108.65031926753528,818.6792873354236,285.2674595678023,3.8975999999999997,4.5,2,2.08,0.0178,1,"NOAA NCEI Storm Events bulk CSV export d2015-d2025, files and SHA-256 in archive/ncei/ncei-source-manifest.json",0.51426978,sharpmod_hrrr_toi_experimental_v4,noaa-hrrr-bdp-pds,sharpmod_fixed_layer_stp_proxy_v1,sharpmod_toi_public_bins_experimental_v1,sharpmod_toi_public_anchor_probability_v1,degraded,3,15,6,"0,3,6,9,12,15,18","0,3,6,9,12,15",nearest connected 0.5+ fixed-layer STP proxy region to sounding
severe-2016-01-22,severe,2016-01-21T06:00:00+00:00,2016,2016,6,30.300841799180535,-92.83208444348372,model_forecast_maximum_stp,500,9.805914792763684,92.08963519240166,411.8457546448294,302.9726743897596,2.8997829275720113,3.0,1,1.58,0.01,0,"NOAA NCEI Storm Events bulk CSV export d2015-d2025, files and SHA-256 in archive/ncei/ncei-source-manifest.json",1.0840363702422147,sharpmod_hrrr_toi_experimental_v4,noaa-hrrr-bdp-pds,sharpmod_fixed_layer_stp_proxy_v1,sharpmod_toi_public_bins_experimental_v1,sharpmod_toi_public_anchor_probability_v1,degraded,3,15,6,"0,3,6,9,12,15,18","0,3,6,9,12,15",nearest connected 0.5+ fixed-layer STP proxy region to sounding
null-2022-07-02,null,2022-07-01T06:00:00+00:00,2022,2022,18,45.48574901303237,-72.65257172626087,model_forecast_maximum_stp,300,6.691743595363944,130.75784394896672,483.2367728661067,279.6093871945026,2.9209716848320797,3.0,7,0.96,0.01,0,"NOAA NCEI Storm Events bulk CSV export d2015-d2025, files and SHA-256 in archive/ncei/ncei-source-manifest.json",1.0840363702422147,sharpmod_hrrr_toi_experimental_v4,noaa-hrrr-bdp-pds,sharpmod_fixed_layer_stp_proxy_v1,sharpmod_toi_public_bins_experimental_v1,sharpmod_toi_public_anchor_probability_v1,complete,3,18,7,"0,3,6,9,12,15,18","0,3,6,9,12,15,18",nearest connected 0.5+ fixed-layer STP proxy region to sounding
null-2022-07-15,null,2022-07-14T06:00:00+00:00,2022,2022,12,45.25266653131175,-97.69683787394462,model_forecast_maximum_stp,300,15.210420789074332,61.25003046423448,184.97746350617538,13.005789950834014,2.1198572781595737,2.0,7,1.42,0.01,0,"NOAA NCEI Storm Events bulk CSV export d2015-d2025, files and SHA-256 in archive/ncei/ncei-source-manifest.json",1.0840363702422147,sharpmod_hrrr_toi_experimental_v4,noaa-hrrr-bdp-pds,sharpmod_fixed_layer_stp_proxy_v1,sharpmod_toi_public_bins_experimental_v1,sharpmod_toi_public_anchor_probability_v1,complete,3,18,7,"0,3,6,9,12,15,18","0,3,6,9,12,15,18",nearest connected 0.5+ fixed-layer STP proxy region to sounding
severe-2023-06-17,severe,2023-06-16T06:00:00+00:00,2023,2023,6,30.651143375155705,-93.55750739975849,model_forecast_maximum_stp,300,41.19849638754727,56.86249866207504,301.4004303695153,16.971774962583993,11.986519999999999,12.0,6,3.76,0.8724,0,"NOAA NCEI Storm Events bulk CSV export d2015-d2025, files and SHA-256 in archive/ncei/ncei-source-manifest.json",1.0840363702422147,sharpmod_hrrr_toi_experimental_v4,noaa-hrrr-bdp-pds,sharpmod_fixed_layer_stp_proxy_v1,sharpmod_toi_public_bins_experimental_v1,sharpmod_toi_public_anchor_probability_v1,complete,3,18,7,"0,3,6,9,12,15,18","0,3,6,9,12,15,18",nearest connected 0.5+ fixed-layer STP proxy region to sounding
null-2015-04-04,null,2015-04-03T06:00:00+00:00,2015,2015,12,36.06705588953135,-87.24792331031409,model_forecast_maximum_stp,500,31.39084241899015,54.50194755294554,345.0942608128187,13.118220012708946,9.68694747642207,10.5,4,2.89,0.4176,0,"NOAA NCEI Storm Events bulk CSV export d2015-d2025, files and SHA-256 in archive/ncei/ncei-source-manifest.json",1.0840363702422147,sharpmod_hrrr_toi_experimental_v4,noaa-hrrr-bdp-pds,sharpmod_fixed_layer_stp_proxy_v1,sharpmod_toi_public_bins_experimental_v1,sharpmod_toi_public_anchor_probability_v1,degraded,3,15,6,"0,3,6,9,12,15,18","0,3,6,9,12,15",nearest connected 0.5+ fixed-layer STP proxy region to sounding
null-2021-04-01,null,2021-03-31T06:00:00+00:00,2021,2021,18,32.501906159765085,-87.33477590201124,model_forecast_maximum_stp,500,35.58617851682144,58.989409013064204,95.70237813984828,354.1992144456474,1.4113874375550384,1.0,3,3.41,0.0723,0,"NOAA NCEI Storm Events bulk CSV export d2015-d2025, files and SHA-256 in archive/ncei/ncei-source-manifest.json",1.0840363702422147,sharpmod_hrrr_toi_experimental_v4,noaa-hrrr-bdp-pds,sharpmod_fixed_layer_stp_proxy_v1,sharpmod_toi_public_bins_experimental_v1,sharpmod_toi_public_anchor_probability_v1,complete,3,18,7,"0,3,6,9,12,15,18","0,3,6,9,12,15,18",nearest connected 0.5+ fixed-layer STP proxy region to sounding
severe-2025-07-21,severe,2025-07-20T06:00:00+00:00,2025,2025,12,42.01420060794257,-99.42725396731424,model_forecast_maximum_stp,300,16.520711001465667,67.63526928327,524.5163649367038,2.000997926879336,4.806097221273069,4.5,7,1.68,0.01,0,"NOAA NCEI Storm Events bulk CSV export d2015-d2025, files and SHA-256 in archive/ncei/ncei-source-manifest.json",1.0840363702422147,sharpmod_hrrr_toi_experimental_v4,noaa-hrrr-bdp-pds,sharpmod_fixed_layer_stp_proxy_v1,sharpmod_toi_public_bins_experimental_v1,sharpmod_toi_public_anchor_probability_v1,complete,3,18,7,"0,3,6,9,12,15,18","0,3,6,9,12,15,18",nearest connected 0.5+ fixed-layer STP proxy region to sounding
severe-2016-12-13,severe,2016-12-12T06:00:00+00:00,2016,2016,6,31.908395641704097,-80.12998985977259,model_forecast_maximum_stp,500,19.50004493442051,57.548417376336296,179.3799907730808,203.17009092655167,4.079480753084967,4.5,12,2.03,0.0161,0,"NOAA NCEI Storm Events bulk CSV export d2015-d2025, files and SHA-256 in archive/ncei/ncei-source-manifest.json",1.0840363702422147,sharpmod_hrrr_toi_experimental_v4,noaa-hrrr-bdp-pds,sharpmod_fixed_layer_stp_proxy_v1,sharpmod_toi_public_bins_experimental_v1,sharpmod_toi_public_anchor_probability_v1,complete,3,18,7,"0,3,6,9,12,15,18","0,3,6,9,12,15,18",nearest connected 0.5+ fixed-layer STP proxy region to sounding
null-2017-03-08,null,2017-03-07T06:00:00+00:00,2017,2017,6,31.00732001801982,-94.66425794758993,model_forecast_maximum_stp,500,9.836859942243741,128.85160704734776,861.57008488949,6.535396044970014,4.0725471858773465,4.5,3,1.47,0.01,0,"NOAA NCEI Storm Events bulk CSV export d2015-d2025, files and SHA-256 in archive/ncei/ncei-source-manifest.json",1.0840363702422147,sharpmod_hrrr_toi_experimental_v4,noaa-hrrr-bdp-pds,sharpmod_fixed_layer_stp_proxy_v1,sharpmod_toi_public_bins_experimental_v1,sharpmod_toi_public_anchor_probability_v1,complete,3,18,7,"0,3,6,9,12,15,18","0,3,6,9,12,15,18",nearest connected 0.5+ fixed-layer STP proxy region to sounding
null-2021-04-14,null,2021-04-13T06:00:00+00:00,2021,2021,6,29.121247573006126,-98.02355126161979,model_forecast_maximum_stp,500,40.445035839332625,58.947399566660884,506.5833569540327,37.49083110788507,1.524284385610876,2.0,4,3.6,0.1383,0,"NOAA NCEI Storm Events bulk CSV export d2015-d2025, files and SHA-256 in archive/ncei/ncei-source-manifest.json",1.0840363702422147,sharpmod_hrrr_toi_experimental_v4,noaa-hrrr-bdp-pds,sharpmod_fixed_layer_stp_proxy_v1,sharpmod_toi_public_bins_experimental_v1,sharpmod_toi_public_anchor_probability_v1,complete,3,18,7,"0,3,6,9,12,15,18","0,3,6,9,12,15,18",nearest connected 0.5+ fixed-layer STP proxy region to sounding
null-2020-06-15,null,2020-06-14T06:00:00+00:00,2020,2020,18,45.885730629418596,-99.08211830610844,model_forecast_maximum_stp,300,46.04420061627439,56.84327731628917,212.95171402210187,252.56237736316288,2.8670172290714935,3.0,6,4.05,0.3575,0,"NOAA NCEI Storm Events bulk CSV export d2015-d2025, files and SHA-256 in archive/ncei/ncei-source-manifest.json",1.0840363702422147,sharpmod_hrrr_toi_experimental_v4,noaa-hrrr-bdp-pds,sharpmod_fixed_layer_stp_proxy_v1,sharpmod_toi_public_bins_experimental_v1,sharpmod_toi_public_anchor_probability_v1,complete,3,18,7,"0,3,6,9,12,15,18","0,3,6,9,12,15,18",nearest connected 0.5+ fixed-layer STP proxy region to sounding
severe-2022-05-26,severe,2022-05-25T06:00:00+00:00,2022,2022,12,41.771649400392675,-85.51872163774738,model_forecast_maximum_stp,500,35.97623408000769,56.833850597090674,181.21811298847499,264.3787468058859,1.17596469213541,1.0,5,3.46,0.0793,0,"NOAA NCEI Storm Events bulk CSV export d2015-d2025, files and SHA-256 in archive/ncei/ncei-source-manifest.json",1.0840363702422147,sharpmod_hrrr_toi_experimental_v4,noaa-hrrr-bdp-pds,sharpmod_fixed_layer_stp_proxy_v1,sharpmod_toi_public_bins_experimental_v1,sharpmod_toi_public_anchor_probability_v1,complete,3,18,7,"0,3,6,9,12,15,18","0,3,6,9,12,15,18",nearest connected 0.5+ fixed-layer STP proxy region to sounding
null-2021-05-25,null,2021-05-24T06:00:00+00:00,2021,2021,6,39.052506189533275,-101.4327548299571,model_forecast_maximum_stp,500,9.569657193114141,53.114076231482144,390.62156115111094,38.44807301951755,3.151467178985481,3.0,5,1.04,0.01,0,"NOAA NCEI Storm Events bulk CSV export d2015-d2025, files and SHA-256 in archive/ncei/ncei-source-manifest.json",1.0840363702422147,sharpmod_hrrr_toi_experimental_v4,noaa-hrrr-bdp-pds,sharpmod_fixed_layer_stp_proxy_v1,sharpmod_toi_public_bins_experimental_v1,sharpmod_toi_public_anchor_probability_v1,complete,3,18,7,"0,3,6,9,12,15,18","0,3,6,9,12,15,18",nearest connected 0.5+ fixed-layer STP proxy region to sounding
null-2022-04-18,null,2022-04-17T06:00:00+00:00,2022,2022,6,31.7807516715127,-90.46846847185128,model_forecast_maximum_stp,500,52.09599803017782,55.58500602003424,219.91423382080308,307.6045978267984,3.760279196264827,4.5,4,4.56,0.7208,0,"NOAA NCEI Storm Events bulk CSV export d2015-d2025, files and SHA-256 in archive/ncei/ncei-source-manifest.json",1.0840363702422147,sharpmod_hrrr_toi_experimental_v4,noaa-hrrr-bdp-pds,sharpmod_fixed_layer_stp_proxy_v1,sharpmod_toi_public_bins_experimental_v1,sharpmod_toi_public_anchor_probability_v1,complete,3,18,7,"0,3,6,9,12,15,18","0,3,6,9,12,15,18",nearest connected 0.5+ fixed-layer STP proxy region to sounding
severe-2019-07-12,severe,2019-07-11T06:00:00+00:00,2019,2019,6,47.8143689850677,-98.18040787192308,model_forecast_maximum_stp,300,17.594427595531318,101.03924634581428,452.9457930856359,285.9975001690064,2.8335486198691022,3.0,7,1.88,0.01,0,"NOAA NCEI Storm Events bulk CSV export d2015-d2025, files and SHA-256 in archive/ncei/ncei-source-manifest.json",1.0840363702422147,sharpmod_hrrr_toi_experimental_v4,noaa-hrrr-bdp-pds,sharpmod_fixed_layer_stp_proxy_v1,sharpmod_toi_public_bins_experimental_v1,sharpmod_toi_public_anchor_probability_v1,complete,3,18,7,"0,3,6,9,12,15,18","0,3,6,9,12,15,18",nearest connected 0.5+ fixed-layer STP proxy region to sounding
outbreak-2023-01-03,outbreak,2023-01-02T06:00:00+00:00,2023,2023,18,32.92567545998984,-94.2095617594793,model_forecast_maximum_stp,500,23.32871586167489,92.84493775410611,544.871557249191,315.41480321759343,4.205391640466,4.5,1,2.73,0.0623,1,"NOAA NCEI Storm Events bulk CSV export d2015-d2025, files and SHA-256 in archive/ncei/ncei-source-manifest.json",0.51426978,sharpmod_hrrr_toi_experimental_v4,noaa-hrrr-bdp-pds,sharpmod_fixed_layer_stp_proxy_v1,sharpmod_toi_public_bins_experimental_v1,sharpmod_toi_public_anchor_probability_v1,complete,3,18,7,"0,3,6,9,12,15,18","0,3,6,9,12,15,18",nearest connected 0.5+ fixed-layer STP proxy region to sounding
null-2019-08-03,null,2019-08-02T06:00:00+00:00,2019,2019,12,37.82102163293955,-96.85704957651956,model_forecast_maximum_stp,300,19.034300567881914,65.2200253642892,392.2275844515616,34.070297332578775,2.6408359788284934,3.0,8,2.14,0.0121,0,"NOAA NCEI Storm Events bulk CSV export d2015-d2025, files and SHA-256 in archive/ncei/ncei-source-manifest.json",1.0840363702422147,sharpmod_hrrr_toi_experimental_v4,noaa-hrrr-bdp-pds,sharpmod_fixed_layer_stp_proxy_v1,sharpmod_toi_public_bins_experimental_v1,sharpmod_toi_public_anchor_probability_v1,complete,3,18,7,"0,3,6,9,12,15,18","0,3,6,9,12,15,18",nearest connected 0.5+ fixed-layer STP proxy region to sounding
severe-2020-08-02,severe,2020-08-01T06:00:00+00:00,2020,2020,12,37.86078942041839,-80.35636034057899,model_forecast_maximum_stp,300,7.311628902749497,55.531775300688416,310.2356912762641,328.23312431155324,1.4663414670556918,1.0,8,1.0,0.01,0,"NOAA NCEI Storm Events bulk CSV export d2015-d2025, files and SHA-256 in archive/ncei/ncei-source-manifest.json",1.0840363702422147,sharpmod_hrrr_toi_experimental_v4,noaa-hrrr-bdp-pds,sharpmod_fixed_layer_stp_proxy_v1,sharpmod_toi_public_bins_experimental_v1,sharpmod_toi_public_anchor_probability_v1,complete,3,18,7,"0,3,6,9,12,15,18","0,3,6,9,12,15,18",nearest connected 0.5+ fixed-layer STP proxy region to sounding
null-2019-04-23,null,2019-04-22T06:00:00+00:00,2019,2019,6,41.14947352762874,-89.94610303920439,model_forecast_maximum_stp,500,7.912438661176053,63.90701565084304,117.20050982805249,258.63844706056517,2.907706298538104,3.0,4,1.05,0.01,0,"NOAA NCEI Storm Events bulk CSV export d2015-d2025, files and SHA-256 in archive/ncei/ncei-source-manifest.json",1.0840363702422147,sharpmod_hrrr_toi_experimental_v4,noaa-hrrr-bdp-pds,sharpmod_fixed_layer_stp_proxy_v1,sharpmod_toi_public_bins_experimental_v1,sharpmod_toi_public_anchor_probability_v1,complete,3,18,7,"0,3,6,9,12,15,18","0,3,6,9,12,15,18",nearest connected 0.5+ fixed-layer STP proxy region to sounding
severe-2019-05-30,severe,2019-05-29T06:00:00+00:00,2019,2019,12,32.966475972826814,-96.12907108494767,model_forecast_maximum_stp,500,19.071848028785997,60.122784351761545,44.70807762320782,274.53190461899726,7.777560000000001,8.5,5,2.0,0.0574,0,"NOAA NCEI Storm Events bulk CSV export d2015-d2025, files and SHA-256 in archive/ncei/ncei-source-manifest.json",1.0840363702422147,sharpmod_hrrr_toi_experimental_v4,noaa-hrrr-bdp-pds,sharpmod_fixed_layer_stp_proxy_v1,sharpmod_toi_public_bins_experimental_v1,sharpmod_toi_public_anchor_probability_v1,complete,3,18,7,"0,3,6,9,12,15,18","0,3,6,9,12,15,18",nearest connected 0.5+ fixed-layer STP proxy region to sounding
null-2024-03-08,null,2024-03-07T06:00:00+00:00,2024,2024,12,31.346594161725736,-99.54344019785702,model_forecast_maximum_stp,500,15.00852799404499,53.02119253976988,267.10266424251574,20.86127337731591,2.70556,3.0,3,1.5,0.01,0,"NOAA NCEI Storm Events bulk CSV export d2015-d2025, files and SHA-256 in archive/ncei/ncei-source-manifest.json",1.0840363702422147,sharpmod_hrrr_toi_experimental_v4,noaa-hrrr-bdp-pds,sharpmod_fixed_layer_stp_proxy_v1,sharpmod_toi_public_bins_experimental_v1,sharpmod_toi_public_anchor_probability_v1,complete,3,18,7,"0,3,6,9,12,15,18","0,3,6,9,12,15,18",nearest connected 0.5+ fixed-layer STP proxy region to sounding
severe-2019-09-29,severe,2019-09-28T06:00:00+00:00,2019,2019,18,36.821101615309246,-94.84416157272756,model_forecast_maximum_stp,500,38.84557889508977,63.39045436214213,289.29131820750234,21.44529640373736,2.8266666666666667,3.0,9,3.6,0.1845,0,"NOAA NCEI Storm Events bulk CSV export d2015-d2025, files and SHA-256 in archive/ncei/ncei-source-manifest.json",1.0840363702422147,sharpmod_hrrr_toi_experimental_v4,noaa-hrrr-bdp-pds,sharpmod_fixed_layer_stp_proxy_v1,sharpmod_toi_public_bins_experimental_v1,sharpmod_toi_public_anchor_probability_v1,complete,3,18,7,"0,3,6,9,12,15,18","0,3,6,9,12,15,18",nearest connected 0.5+ fixed-layer STP proxy region to sounding
null-2025-04-11,null,2025-04-10T06:00:00+00:00,2025,2025,12,33.42611071263472,-86.82293564485497,model_forecast_maximum_stp,500,16.784628654468666,58.72830577427606,336.973503162285,34.090807623790965,1.8064025565405233,2.0,4,1.8,0.01,0,"NOAA NCEI Storm Events bulk CSV export d2015-d2025, files and SHA-256 in archive/ncei/ncei-source-manifest.json",1.0840363702422147,sharpmod_hrrr_toi_experimental_v4,noaa-hrrr-bdp-pds,sharpmod_fixed_layer_stp_proxy_v1,sharpmod_toi_public_bins_experimental_v1,sharpmod_toi_public_anchor_probability_v1,complete,3,18,7,"0,3,6,9,12,15,18","0,3,6,9,12,15,18",nearest connected 0.5+ fixed-layer STP proxy region to sounding
severe-2020-08-11,severe,2020-08-10T06:00:00+00:00,2020,2020,18,39.10242838025004,-95.59389695143818,model_forecast_maximum_stp,300,21.756459191387645,65.43130244278488,384.06850303881737,1.0514945109637779,3.1099814837579984,3.0,8,2.37,0.019,0,"NOAA NCEI Storm Events bulk CSV export d2015-d2025, files and SHA-256 in archive/ncei/ncei-source-manifest.json",1.0840363702422147,sharpmod_hrrr_toi_experimental_v4,noaa-hrrr-bdp-pds,sharpmod_fixed_layer_stp_proxy_v1,sharpmod_toi_public_bins_experimental_v1,sharpmod_toi_public_anchor_probability_v1,complete,3,18,7,"0,3,6,9,12,15,18","0,3,6,9,12,15,18",nearest connected 0.5+ fixed-layer STP proxy region to sounding
severe-2025-08-03,severe,2025-08-02T06:00:00+00:00,2025,2025,18,34.99892609148154,-104.77842570156906,model_forecast_maximum_stp,300,3.290936226286663,55.69222028274378,233.19929207213946,15.464233962650496,2.2924389959212514,2.0,8,0.65,0.01,0,"NOAA NCEI Storm Events bulk CSV export d2015-d2025, files and SHA-256 in archive/ncei/ncei-source-manifest.json",1.0840363702422147,sharpmod_hrrr_toi_experimental_v4,noaa-hrrr-bdp-pds,sharpmod_fixed_layer_stp_proxy_v1,sharpmod_toi_public_bins_experimental_v1,sharpmod_toi_public_anchor_probability_v1,complete,3,18,7,"0,3,6,9,12,15,18","0,3,6,9,12,15,18",nearest connected 0.5+ fixed-layer STP proxy region to sounding
severe-2024-05-02,severe,2024-05-01T06:00:00+00:00,2024,2024,18,37.8226616210978,-97.67667948742184,model_forecast_maximum_stp,500,11.329711017027305,54.37949191555264,513.7151758685831,211.02499217289224,4.412333333333333,4.5,5,1.19,0.01,0,"NOAA NCEI Storm Events bulk CSV export d2015-d2025, files and SHA-256 in archive/ncei/ncei-source-manifest.json",1.0840363702422147,sharpmod_hrrr_toi_experimental_v4,noaa-hrrr-bdp-pds,sharpmod_fixed_layer_stp_proxy_v1,sharpmod_toi_public_bins_experimental_v1,sharpmod_toi_public_anchor_probability_v1,complete,3,18,7,"0,3,6,9,12,15,18","0,3,6,9,12,15,18",nearest connected 0.5+ fixed-layer STP proxy region to sounding
severe-2025-04-27,severe,2025-04-26T06:00:00+00:00,2025,2025,18,33.85351899224143,-101.94363028736655,model_forecast_maximum_stp,500,16.672169015208635,51.32903893793095,174.77148202476667,175.23460823449273,5.001072252894063,4.5,4,1.64,0.01,0,"NOAA NCEI Storm Events bulk CSV export d2015-d2025, files and SHA-256 in archive/ncei/ncei-source-manifest.json",1.0840363702422147,sharpmod_hrrr_toi_experimental_v4,noaa-hrrr-bdp-pds,sharpmod_fixed_layer_stp_proxy_v1,sharpmod_toi_public_bins_experimental_v1,sharpmod_toi_public_anchor_probability_v1,complete,3,18,7,"0,3,6,9,12,15,18","0,3,6,9,12,15,18",nearest connected 0.5+ fixed-layer STP proxy region to sounding
severe-2025-07-12,severe,2025-07-11T06:00:00+00:00,2025,2025,6,40.68083609804717,-93.84361873342431,model_forecast_maximum_stp,300,8.298110680417162,63.16573464607938,224.76583905671572,355.9495289534814,4.496937454858402,4.5,7,0.83,0.01,0,"NOAA NCEI Storm Events bulk CSV export d2015-d2025, files and SHA-256 in archive/ncei/ncei-source-manifest.json",1.0840363702422147,sharpmod_hrrr_toi_experimental_v4,noaa-hrrr-bdp-pds,sharpmod_fixed_layer_stp_proxy_v1,sharpmod_toi_public_bins_experimental_v1,sharpmod_toi_public_anchor_probability_v1,complete,3,18,7,"0,3,6,9,12,15,18","0,3,6,9,12,15,18",nearest connected 0.5+ fixed-layer STP proxy region to sounding
outbreak-2025-05-15,outbreak,2025-05-14T06:00:00+00:00,2025,2025,6,33.834920126881585,-92.61487585727923,model_forecast_maximum_stp,500,35.74446711670755,51.33898817325691,529.4450579653547,67.08775668501113,6.9087456686044515,6.5,5,3.15,0.2341,1,"NOAA NCEI Storm Events bulk CSV export d2015-d2025, files and SHA-256 in archive/ncei/ncei-source-manifest.json",0.51426978,sharpmod_hrrr_toi_experimental_v4,noaa-hrrr-bdp-pds,sharpmod_fixed_layer_stp_proxy_v1,sharpmod_toi_public_bins_experimental_v1,sharpmod_toi_public_anchor_probability_v1,complete,3,18,7,"0,3,6,9,12,15,18","0,3,6,9,12,15,18",nearest connected 0.5+ fixed-layer STP proxy region to sounding
null-2018-07-16,null,2018-07-15T06:00:00+00:00,2018,2018,18,35.907234407013,-89.27599323470298,model_forecast_maximum_stp,300,40.17185123975247,51.029028861664095,956.5303271861565,333.34568965108554,1.1031862463026851,1.0,7,3.3,0.0588,0,"NOAA NCEI Storm Events bulk CSV export d2015-d2025, files and SHA-256 in archive/ncei/ncei-source-manifest.json",1.0840363702422147,sharpmod_hrrr_toi_experimental_v4,noaa-hrrr-bdp-pds,sharpmod_fixed_layer_stp_proxy_v1,sharpmod_toi_public_bins_experimental_v1,sharpmod_toi_public_anchor_probability_v1,complete,3,18,7,"0,3,6,9,12,15,18","0,3,6,9,12,15,18",nearest connected 0.5+ fixed-layer STP proxy region to sounding
severe-2016-05-11,severe,2016-05-10T06:00:00+00:00,2016,2016,6,32.59160435176285,-93.84176825929762,model_forecast_maximum_stp,500,23.930171107481964,56.78003995967391,356.60948405195757,3.015146221089651,7.022400000000001,6.5,5,2.41,0.0651,0,"NOAA NCEI Storm Events bulk CSV export d2015-d2025, files and SHA-256 in archive/ncei/ncei-source-manifest.json",1.0840363702422147,sharpmod_hrrr_toi_experimental_v4,noaa-hrrr-bdp-pds,sharpmod_fixed_layer_stp_proxy_v1,sharpmod_toi_public_bins_experimental_v1,sharpmod_toi_public_anchor_probability_v1,degraded,3,15,6,"0,3,6,9,12,15,18","0,3,6,9,12,15",nearest connected 0.5+ fixed-layer STP proxy region to sounding
null-2025-06-01,null,2025-05-31T06:00:00+00:00,2025,2025,18,35.78407951631691,-75.9490671608404,model_forecast_maximum_stp,500,41.17769635164251,87.8822170555113,178.45265555006833,191.77738784553455,1.382876158776215,1.0,5,4.15,0.2549,0,"NOAA NCEI Storm Events bulk CSV export d2015-d2025, files and SHA-256 in archive/ncei/ncei-source-manifest.json",1.0840363702422147,sharpmod_hrrr_toi_experimental_v4,noaa-hrrr-bdp-pds,sharpmod_fixed_layer_stp_proxy_v1,sharpmod_toi_public_bins_experimental_v1,sharpmod_toi_public_anchor_probability_v1,complete,3,18,7,"0,3,6,9,12,15,18","0,3,6,9,12,15,18",nearest connected 0.5+ fixed-layer STP proxy region to sounding
null-2023-04-06,null,2023-04-05T06:00:00+00:00,2023,2023,12,30.636757194120428,-93.18500194661885,model_forecast_maximum_stp,500,12.388490033286805,131.72866047626152,534.9949880774756,348.896069667037,10.0256,10.5,4,1.69,0.0611,0,"NOAA NCEI Storm Events bulk CSV export d2015-d2025, files and SHA-256 in archive/ncei/ncei-source-manifest.json",1.0840363702422147,sharpmod_hrrr_toi_experimental_v4,noaa-hrrr-bdp-pds,sharpmod_fixed_layer_stp_proxy_v1,sharpmod_toi_public_bins_experimental_v1,sharpmod_toi_public_anchor_probability_v1,complete,3,18,7,"0,3,6,9,12,15,18","0,3,6,9,12,15,18",nearest connected 0.5+ fixed-layer STP proxy region to sounding
severe-2021-05-05,severe,2021-05-04T06:00:00+00:00,2021,2021,12,31.99231597625046,-88.9265503436219,model_forecast_maximum_stp,500,26.392947910971525,55.688325216508844,149.28856708113472,78.80174917009055,5.321228083956166,4.5,5,2.62,0.0506,0,"NOAA NCEI Storm Events bulk CSV export d2015-d2025, files and SHA-256 in archive/ncei/ncei-source-manifest.json",1.0840363702422147,sharpmod_hrrr_toi_experimental_v4,noaa-hrrr-bdp-pds,sharpmod_fixed_layer_stp_proxy_v1,sharpmod_toi_public_bins_experimental_v1,sharpmod_toi_public_anchor_probability_v1,complete,3,18,7,"0,3,6,9,12,15,18","0,3,6,9,12,15,18",nearest connected 0.5+ fixed-layer STP proxy region to sounding
severe-2022-10-12,severe,2022-10-11T06:00:00+00:00,2022,2022,18,38.13141509374061,-95.61946540234965,model_forecast_maximum_stp,500,29.782113406644097,54.17336282112875,605.3416325596294,310.1521884766727,1.104627138119014,1.0,10,2.76,0.0208,0,"NOAA NCEI Storm Events bulk CSV export d2015-d2025, files and SHA-256 in archive/ncei/ncei-source-manifest.json",1.0840363702422147,sharpmod_hrrr_toi_experimental_v4,noaa-hrrr-bdp-pds,sharpmod_fixed_layer_stp_proxy_v1,sharpmod_toi_public_bins_experimental_v1,sharpmod_toi_public_anchor_probability_v1,complete,3,18,7,"0,3,6,9,12,15,18","0,3,6,9,12,15,18",nearest connected 0.5+ fixed-layer STP proxy region to sounding
severe-2019-08-29,severe,2019-08-28T06:00:00+00:00,2019,2019,18,40.70488068608834,-100.24481588490261,model_forecast_maximum_stp,300,18.612954539794117,131.64281793755393,479.41252521726227,47.957588291916636,1.7344337777108016,2.0,8,2.22,0.0101,0,"NOAA NCEI Storm Events bulk CSV export d2015-d2025, files and SHA-256 in archive/ncei/ncei-source-manifest.json",1.0840363702422147,sharpmod_hrrr_toi_experimental_v4,noaa-hrrr-bdp-pds,sharpmod_fixed_layer_stp_proxy_v1,sharpmod_toi_public_bins_experimental_v1,sharpmod_toi_public_anchor_probability_v1,complete,3,18,7,"0,3,6,9,12,15,18","0,3,6,9,12,15,18",nearest connected 0.5+ fixed-layer STP proxy region to sounding
severe-2020-11-27,severe,2020-11-26T06:00:00+00:00,2020,2020,12,27.842388623700998,-96.57494249080219,model_forecast_maximum_stp,500,15.849469966879896,61.533511959981325,763.5365453020976,267.49929568195785,1.7223357292978922,2.0,11,1.72,0.01,0,"NOAA NCEI Storm Events bulk CSV export d2015-d2025, files and SHA-256 in archive/ncei/ncei-source-manifest.json",1.0840363702422147,sharpmod_hrrr_toi_experimental_v4,noaa-hrrr-bdp-pds,sharpmod_fixed_layer_stp_proxy_v1,sharpmod_toi_public_bins_experimental_v1,sharpmod_toi_public_anchor_probability_v1,complete,3,18,7,"0,3,6,9,12,15,18","0,3,6,9,12,15,18",nearest connected 0.5+ fixed-layer STP proxy region to sounding
null-2022-03-25,null,2022-03-24T06:00:00+00:00,2022,2022,6,36.00320827324442,-77.11579963553316,model_forecast_maximum_stp,500,18.274955631953866,58.478964219429564,54.24383913977101,103.6116928832273,2.277574639958404,2.0,3,1.93,0.01,0,"NOAA NCEI Storm Events bulk CSV export d2015-d2025, files and SHA-256 in archive/ncei/ncei-source-manifest.json",1.0840363702422147,sharpmod_hrrr_toi_experimental_v4,noaa-hrrr-bdp-pds,sharpmod_fixed_layer_stp_proxy_v1,sharpmod_toi_public_bins_experimental_v1,sharpmod_toi_public_anchor_probability_v1,complete,3,18,7,"0,3,6,9,12,15,18","0,3,6,9,12,15,18",nearest connected 0.5+ fixed-layer STP proxy region to sounding
null-2015-03-05,null,2015-03-04T06:00:00+00:00,2015,2015,12,32.79068330953952,-91.14554454872706,model_forecast_maximum_stp,500,4.028632402836595,127.6225466696952,595.1141216406176,354.3394766622881,1.7926120059761297,2.0,3,0.98,0.01,0,"NOAA NCEI Storm Events bulk CSV export d2015-d2025, files and SHA-256 in archive/ncei/ncei-source-manifest.json",1.0840363702422147,sharpmod_hrrr_toi_experimental_v4,noaa-hrrr-bdp-pds,sharpmod_fixed_layer_stp_proxy_v1,sharpmod_toi_public_bins_experimental_v1,sharpmod_toi_public_anchor_probability_v1,degraded,3,15,6,"0,3,6,9,12,15,18","0,3,6,9,12,15",nearest connected 0.5+ fixed-layer STP proxy region to sounding
severe-2022-03-06,severe,2022-03-05T06:00:00+00:00,2022,2022,12,39.374000223390084,-93.49171849077203,model_forecast_maximum_stp,500,31.914147497402528,57.0692504377495,114.30311324260242,335.51687922172715,2.3861999999999997,2.0,3,3.1,0.0558,0,"NOAA NCEI Storm Events bulk CSV export d2015-d2025, files and SHA-256 in archive/ncei/ncei-source-manifest.json",1.0840363702422147,sharpmod_hrrr_toi_experimental_v4,noaa-hrrr-bdp-pds,sharpmod_fixed_layer_stp_proxy_v1,sharpmod_toi_public_bins_experimental_v1,sharpmod_toi_public_anchor_probability_v1,complete,3,18,7,"0,3,6,9,12,15,18","0,3,6,9,12,15,18",nearest connected 0.5+ fixed-layer STP proxy region to sounding
null-2016-05-18,null,2016-05-17T06:00:00+00:00,2016,2016,12,26.89258390758715,-97.65397362794437,model_forecast_maximum_stp,500,13.28052969091033,55.34076961521991,531.50699902166,62.244946529256424,5.116608988188384,4.5,5,1.5,0.01,0,"NOAA NCEI Storm Events bulk CSV export d2015-d2025, files and SHA-256 in archive/ncei/ncei-source-manifest.json",1.0840363702422147,sharpmod_hrrr_toi_experimental_v4,noaa-hrrr-bdp-pds,sharpmod_fixed_layer_stp_proxy_v1,sharpmod_toi_public_bins_experimental_v1,sharpmod_toi_public_anchor_probability_v1,degraded,3,15,6,"0,3,6,9,12,15,18","0,3,6,9,12,15",nearest connected 0.5+ fixed-layer STP proxy region to sounding
null-2025-07-22,null,2025-07-21T06:00:00+00:00,2025,2025,12,44.59946772689239,-95.88669451163912,model_forecast_maximum_stp,300,5.838860646189584,60.45848117107276,351.91630596439904,241.23741694655354,5.911463899452627,6.5,7,0.62,0.01,0,"NOAA NCEI Storm Events bulk CSV export d2015-d2025, files and SHA-256 in archive/ncei/ncei-source-manifest.json",1.0840363702422147,sharpmod_hrrr_toi_experimental_v4,noaa-hrrr-bdp-pds,sharpmod_fixed_layer_stp_proxy_v1,sharpmod_toi_public_bins_experimental_v1,sharpmod_toi_public_anchor_probability_v1,complete,3,18,7,"0,3,6,9,12,15,18","0,3,6,9,12,15,18",nearest connected 0.5+ fixed-layer STP proxy region to sounding
null-2016-05-02,null,2016-05-01T06:00:00+00:00,2016,2016,12,29.102864830579616,-95.46355958792759,model_forecast_maximum_stp,500,20.286802888412932,55.60886113596682,705.5538851078283,5.309062738203181,3.151422245258838,3.0,5,2.1,0.0111,0,"NOAA NCEI Storm Events bulk CSV export d2015-d2025, files and SHA-256 in archive/ncei/ncei-source-manifest.json",1.0840363702422147,sharpmod_hrrr_toi_experimental_v4,noaa-hrrr-bdp-pds,sharpmod_fixed_layer_stp_proxy_v1,sharpmod_toi_public_bins_experimental_v1,sharpmod_toi_public_anchor_probability_v1,degraded,3,15,6,"0,3,6,9,12,15,18","0,3,6,9,12,15",nearest connected 0.5+ fixed-layer STP proxy region to sounding
severe-2015-05-26,severe,2015-05-25T06:00:00+00:00,2015,2015,6,31.02547064467101,-99.53567453728635,model_forecast_maximum_stp,500,15.929852459661532,58.96227897742388,160.90761250958946,121.25790719085762,9.884,10.5,5,1.73,0.0658,0,"NOAA NCEI Storm Events bulk CSV export d2015-d2025, files and SHA-256 in archive/ncei/ncei-source-manifest.json",1.0840363702422147,sharpmod_hrrr_toi_experimental_v4,noaa-hrrr-bdp-pds,sharpmod_fixed_layer_stp_proxy_v1,sharpmod_toi_public_bins_experimental_v1,sharpmod_toi_public_anchor_probability_v1,degraded,3,15,6,"0,3,6,9,12,15,18","0,3,6,9,12,15",nearest connected 0.5+ fixed-layer STP proxy region to sounding
null-2022-03-08,null,2022-03-07T06:00:00+00:00,2022,2022,18,34.268059278425696,-85.5230099911546,model_forecast_maximum_stp,500,9.862658868722706,135.65336177969576,625.9776145984973,18.59675861332647,4.2331644499719765,4.5,3,1.48,0.01,0,"NOAA NCEI Storm Events bulk CSV export d2015-d2025, files and SHA-256 in archive/ncei/ncei-source-manifest.json",1.0840363702422147,sharpmod_hrrr_toi_experimental_v4,noaa-hrrr-bdp-pds,sharpmod_fixed_layer_stp_proxy_v1,sharpmod_toi_public_bins_experimental_v1,sharpmod_toi_public_anchor_probability_v1,complete,3,18,7,"0,3,6,9,12,15,18","0,3,6,9,12,15,18",nearest connected 0.5+ fixed-layer STP proxy region to sounding
null-2024-08-17,null,2024-08-16T06:00:00+00:00,2024,2024,12,37.69022463942494,-91.94594702809741,model_forecast_maximum_stp,300,24.63634607913384,50.78652909903172,69.62856604094263,273.3131705957421,2.220314725718416,2.0,8,2.32,0.0123,0,"NOAA NCEI Storm Events bulk CSV export d2015-d2025, files and SHA-256 in archive/ncei/ncei-source-manifest.json",1.0840363702422147,sharpmod_hrrr_toi_experimental_v4,noaa-hrrr-bdp-pds,sharpmod_fixed_layer_stp_proxy_v1,sharpmod_toi_public_bins_experimental_v1,sharpmod_toi_public_anchor_probability_v1,complete,3,18,7,"0,3,6,9,12,15,18","0,3,6,9,12,15,18",nearest connected 0.5+ fixed-layer STP proxy region to sounding
null-2017-05-06,null,2017-05-05T06:00:00+00:00,2017,2017,18,39.37371218197176,-77.42151365441384,model_forecast_maximum_stp,500,8.098568049919146,90.11931141406234,161.6613699518638,316.0655922990114,3.4928665493319504,3.0,5,1.44,0.01,0,"NOAA NCEI Storm Events bulk CSV export d2015-d2025, files and SHA-256 in archive/ncei/ncei-source-manifest.json",1.0840363702422147,sharpmod_hrrr_toi_experimental_v4,noaa-hrrr-bdp-pds,sharpmod_fixed_layer_stp_proxy_v1,sharpmod_toi_public_bins_experimental_v1,sharpmod_toi_public_anchor_probability_v1,complete,3,18,7,"0,3,6,9,12,15,18","0,3,6,9,12,15,18",nearest connected 0.5+ fixed-layer STP proxy region to sounding
severe-2022-06-24,severe,2022-06-23T06:00:00+00:00,2022,2022,12,30.07402856119428,-89.13316387521212,model_forecast_maximum_stp,300,29.543780177918915,52.719570794231394,1029.204919455642,49.36360129161221,2.358273206878633,2.0,6,2.74,0.0279,0,"NOAA NCEI Storm Events bulk CSV export d2015-d2025, files and SHA-256 in archive/ncei/ncei-source-manifest.json",1.0840363702422147,sharpmod_hrrr_toi_experimental_v4,noaa-hrrr-bdp-pds,sharpmod_fixed_layer_stp_proxy_v1,sharpmod_toi_public_bins_experimental_v1,sharpmod_toi_public_anchor_probability_v1,complete,3,18,7,"0,3,6,9,12,15,18","0,3,6,9,12,15,18",nearest connected 0.5+ fixed-layer STP proxy region to sounding
severe-2019-12-17,severe,2019-12-16T06:00:00+00:00,2019,2019,18,31.483978044664305,-90.87300920551644,model_forecast_maximum_stp,500,4.693266782435898,98.0363808681507,738.9465572401692,10.901808297354592,5.440533333333333,4.5,12,1.04,0.01,0,"NOAA NCEI Storm Events bulk CSV export d2015-d2025, files and SHA-256 in archive/ncei/ncei-source-manifest.json",1.0840363702422147,sharpmod_hrrr_toi_experimental_v4,noaa-hrrr-bdp-pds,sharpmod_fixed_layer_stp_proxy_v1,sharpmod_toi_public_bins_experimental_v1,sharpmod_toi_public_anchor_probability_v1,complete,3,18,7,"0,3,6,9,12,15,18","0,3,6,9,12,15,18",nearest connected 0.5+ fixed-layer STP proxy region to sounding
severe-2023-10-25,severe,2023-10-24T06:00:00+00:00,2023,2023,12,33.61590818565806,-98.44177137103327,model_forecast_maximum_stp,500,19.892975628353387,55.61122388278115,878.6402684364064,246.1505641928502,1.573143067502153,2.0,10,2.07,0.01,0,"NOAA NCEI Storm Events bulk CSV export d2015-d2025, files and SHA-256 in archive/ncei/ncei-source-manifest.json",1.0840363702422147,sharpmod_hrrr_toi_experimental_v4,noaa-hrrr-bdp-pds,sharpmod_fixed_layer_stp_proxy_v1,sharpmod_toi_public_bins_experimental_v1,sharpmod_toi_public_anchor_probability_v1,complete,3,18,7,"0,3,6,9,12,15,18","0,3,6,9,12,15,18",nearest connected 0.5+ fixed-layer STP proxy region to sounding
severe-2022-06-15,severe,2022-06-14T06:00:00+00:00,2022,2022,6,40.90398957074873,-83.50796929752471,model_forecast_maximum_stp,300,6.394433708188661,60.33292921963603,148.56078030781518,327.3964719478446,6.557264884235059,6.5,6,0.92,0.01,0,"NOAA NCEI Storm Events bulk CSV export d2015-d2025, files and SHA-256 in archive/ncei/ncei-source-manifest.json",1.0840363702422147,sharpmod_hrrr_toi_experimental_v4,noaa-hrrr-bdp-pds,sharpmod_fixed_layer_stp_proxy_v1,sharpmod_toi_public_bins_experimental_v1,sharpmod_toi_public_anchor_probability_v1,complete,3,18,7,"0,3,6,9,12,15,18","0,3,6,9,12,15,18",nearest connected 0.5+ fixed-layer STP proxy region to sounding
severe-2024-06-20,severe,2024-06-19T06:00:00+00:00,2024,2024,12,27.528042841092937,-97.29593594250957,model_forecast_maximum_stp,300,25.303804189743193,52.95250558137368,1141.887390428911,107.13193136206775,1.7215886422379192,2.0,6,2.38,0.0138,0,"NOAA NCEI Storm Events bulk CSV export d2015-d2025, files and SHA-256 in archive/ncei/ncei-source-manifest.json",1.0840363702422147,sharpmod_hrrr_toi_experimental_v4,noaa-hrrr-bdp-pds,sharpmod_fixed_layer_stp_proxy_v1,sharpmod_toi_public_bins_experimental_v1,sharpmod_toi_public_anchor_probability_v1,complete,3,18,7,"0,3,6,9,12,15,18","0,3,6,9,12,15,18",nearest connected 0.5+ fixed-layer STP proxy region to sounding
